,,,,,Games,Games,Passing,Passing,Passing,Passing,Passing,Rushing,Rushing,Rushing,Rushing,Receiving,Receiving,Receiving,Receiving,Receiving,Fumbles,Fumbles,Scoring,Scoring,Scoring,Fantasy,Fantasy,Fantasy,Fantasy,Fantasy,Fantasy,Fantasy
Rk,Player,Tm,FantPos,Age,G,GS,Cmp,Att,Yds,TD,Int,Att,Yds,Y/A,TD,Tgt,Rec,Yds,Y/R,TD,Fmb,FL,TD,2PM,2PP,FantPt,PPR,DKPt,FDPt,VBD,PosRank,OvRank
1,DeAngelo Williams\WillDe02,CAR,RB,25,16,16,0,0,0,0,0,273,1515,5.55,18,30,22,121,5.50,2,0,,20,1,,286,307.6,313.6,296.6,137,1,1
2,Michael Turner*+\TurnMi00,ATL,RB,26,16,16,0,0,0,0,0,376,1699,4.52,17,9,6,41,6.83,0,3,2,17,,,276,278.0,283.0,275.0,128,2,2
3,Adrian Peterson*+\PeteAd01,MIN,RB,23,16,15,0,0,0,0,0,363,1760,4.85,10,39,21,125,5.95,0,9,4,10,,,249,261.5,271.5,251.0,100,3,3
4,Larry Fitzgerald*+\FitzLa00,ARI,WR,25,16,16,0,0,0,0,0,0,0,,0,154,96,1431,14.91,12,1,,12,,,215,311.1,314.1,263.1,98,1,4
5,Matt Forte\FortMa00,CHI,RB,23,16,16,0,0,0,0,0,316,1238,3.92,8,76,63,477,7.57,4,1,1,12,,,244,304.5,311.5,273.0,95,4,5
6,Thomas Jones*\JoneTh00,NYJ,RB,30,16,14,0,0,0,0,0,290,1312,4.52,13,42,36,207,5.75,2,2,1,15,,,242,275.9,282.9,257.9,94,5,6
7,Tony Gonzalez*+\GonzTo00,KAN,TE,32,16,16,0,0,0,0,0,0,0,,0,155,96,1058,11.02,10,0,,10,,,166,261.8,264.8,213.8,91,1,7
8,Andre Johnson*+\JohnAn02,HOU,WR,27,16,16,0,0,0,0,0,0,0,,0,171,115,1575,13.70,8,1,1,8,1,,208,320.5,324.5,263.0,91,2,8
9,Calvin Johnson\JohnCa00,DET,WR,23,16,16,0,0,0,0,0,3,-1,-0.33,0,150,78,1331,17.06,12,3,2,12,1,,207,281.0,286.0,242.0,90,3,9
10,Drew Brees*\BreeDr00,NOR,QB,29,16,16,413,635,5069,34,17,22,-1,-0.05,0,0,0,0,,0,6,1,0,,,305,302.7,323.7,319.7,87,1,10
11,Aaron Rodgers\RodgAa00,GNB,QB,25,16,16,341,536,4038,28,13,56,207,3.70,4,0,0,0,,0,10,4,4,,2,296,288.2,311.2,301.2,78,2,11
12,Steve Slaton\SlatSt00,HOU,RB,22,16,15,0,0,0,0,0,268,1282,4.78,9,59,50,377,7.54,1,3,2,10,,,226,271.9,279.9,246.9,78,6,12
13,LaDainian Tomlinson\TomlLa00,SDG,RB,29,16,16,0,0,0,0,0,292,1110,3.80,11,77,52,426,8.19,1,1,,12,,,226,277.6,283.6,251.6,77,7,13
14,Clinton Portis*\PortCl00,WAS,RB,27,16,16,0,0,0,0,0,342,1487,4.35,9,35,28,218,7.79,0,3,3,9,,,225,246.5,255.5,232.5,76,8,14
15,Maurice Jones-Drew\DrewMa00,JAX,RB,23,16,3,0,0,0,0,0,197,824,4.18,12,75,62,565,9.11,2,6,2,14,,,223,280.9,288.9,249.9,75,9,15
16,Brian Westbrook\WestBr00,PHI,RB,29,14,14,0,0,0,0,0,233,936,4.02,9,74,54,402,7.44,5,2,1,14,,,218,269.8,276.8,242.8,70,10,16
17,Philip Rivers\RivePh00,SDG,QB,27,16,16,312,478,4009,34,11,31,84,2.71,0,0,0,0,,0,8,4,0,,2,287,278.8,296.8,289.8,69,3,17
18,Greg Jennings\JennGr00,GNB,WR,25,16,15,0,0,0,0,0,0,0,,0,140,80,1292,16.15,9,1,,9,1,,185,265.2,268.2,225.2,68,4,18
19,Steve Smith*\SmitSt01,CAR,WR,29,14,14,0,0,0,0,0,5,40,8.00,0,129,78,1421,18.22,6,1,1,6,,,182,258.1,262.1,219.1,65,5,19
20,Roddy White*\WhitRo00,ATL,WR,27,16,15,0,0,0,0,0,2,4,2.00,0,148,88,1382,15.70,7,1,2,7,,,181,264.6,269.6,220.6,64,6,20
21,Jay Cutler*\CutlJa00,DEN,QB,25,16,16,384,616,4526,25,18,57,200,3.51,2,0,0,0,,0,5,2,2,1,1,281,277.0,303.0,295.0,63,4,21
22,Chris Johnson*\JohnCh04,TEN,RB,23,15,14,0,0,0,0,0,251,1228,4.89,9,62,43,260,6.05,1,1,1,10,,,209,249.8,256.8,228.3,61,11,22
23,Anquan Boldin*\BoldAn00,ARI,WR,28,12,11,0,0,0,0,0,9,67,7.44,0,127,89,1038,11.66,11,4,3,11,,,177,259.5,265.5,215.0,60,7,23
24,Kurt Warner*\WarnKu00,ARI,QB,37,16,16,401,598,4583,30,14,18,-2,-0.11,0,0,0,0,,0,11,7,0,,1,277,263.1,287.1,277.1,59,5,24
25,Brandon Jacobs\JacoBr00,NYG,RB,26,13,13,0,0,0,0,0,219,1089,4.97,15,12,6,36,6.00,0,3,1,15,,,203,206.5,210.5,203.5,54,12,25
26,Antonio Bryant\BryaAn00,TAM,WR,27,16,15,0,0,0,0,0,2,22,11.00,0,138,83,1248,15.04,7,1,1,7,,,169,250.0,254.0,208.5,52,8,26
27,Terrell Owens\OwenTe00,DAL,WR,35,16,16,0,0,0,0,0,7,33,4.71,0,140,69,1052,15.25,10,1,1,10,,,169,235.5,239.5,201.0,52,9,27
28,Randy Moss\MossRa00,NWE,WR,31,16,16,0,0,0,0,0,2,0,0.00,0,125,69,1008,14.61,11,3,2,11,,,167,231.8,236.8,197.3,50,10,28
29,Jason Witten*\WittJa00,DAL,TE,26,16,16,1,1,42,0,0,0,0,,0,121,81,952,11.75,4,0,,4,,,121,201.9,204.9,161.4,46,2,29
30,Dallas Clark\ClarDa00,IND,TE,29,15,15,0,0,0,0,0,0,0,,0,107,77,848,11.01,6,2,1,6,,,121,195.8,199.8,157.3,46,3,30
31,Brandon Marshall*\MarsBr00,DEN,WR,24,15,15,0,0,0,0,0,2,-4,-2.00,0,181,104,1265,12.16,6,4,3,6,,,162,260.1,266.1,208.1,45,11,31
32,Antonio Gates*\GateAn00,SDG,TE,28,16,16,0,0,0,0,0,0,0,,0,92,60,704,11.73,8,1,1,8,,,118,176.4,180.4,146.4,44,4,32
33,Frank Gore\GoreFr00,SFO,RB,25,14,14,0,0,0,0,0,240,1036,4.32,6,66,43,373,8.67,2,6,2,8,1,,191,229.9,237.9,208.4,43,13,33
34,Vincent Jackson\JackVi00,SDG,WR,25,16,16,0,0,0,0,0,4,69,17.25,0,101,59,1098,18.61,7,1,1,7,,,159,215.7,219.7,186.2,42,12,34
35,Steven Jackson\JackSt00,STL,RB,25,12,11,0,0,0,0,0,253,1042,4.12,7,62,40,379,9.48,1,5,3,8,,,190,224.1,233.1,204.1,42,14,35
36,Marshawn Lynch*\LyncMa00,BUF,RB,22,15,15,0,0,0,0,0,250,1036,4.14,8,67,47,300,6.38,1,2,1,9,,,188,232.6,239.6,209.1,39,15,36
37,Peyton Manning*+\MannPe00,IND,QB,32,16,16,371,555,4002,27,12,20,21,1.05,1,0,0,0,,0,1,,1,,1,254,254.2,269.2,266.2,36,6,37
38,Marion Barber\BarbMa01,DAL,RB,25,15,13,0,0,0,0,0,238,885,3.72,7,61,52,417,8.02,2,7,3,9,,,184,230.2,239.2,204.2,36,16,38
39,Reggie Wayne*\WaynRe00,IND,WR,30,16,16,0,0,0,0,0,0,0,,0,131,82,1145,13.96,6,0,,6,1,,153,234.5,237.5,193.5,36,13,39
40,Donovan McNabb\McNaDo00,PHI,QB,32,16,16,345,571,3916,23,11,39,147,3.77,2,0,0,0,,0,7,5,2,,,253,243.3,265.3,254.3,35,7,40
41,Matt Cassel\CassMa00,NWE,QB,26,16,15,327,516,3693,21,11,73,270,3.70,2,0,0,0,,0,7,4,2,,2,253,244.7,265.7,255.7,35,8,41
42,Ronnie Brown*\BrowRo05,MIA,RB,27,16,13,2,3,41,1,0,214,916,4.28,10,43,33,254,7.70,0,1,1,10,,,183,213.6,220.6,197.1,34,17,42
43,Lance Moore\MoorLa00,NOR,WR,25,16,6,0,1,0,0,1,0,0,,0,121,79,928,11.75,10,1,,10,,,151,229.8,233.8,191.3,34,14,43
44,Hines Ward\WardHi00,PIT,WR,32,16,15,0,0,0,0,0,1,4,4.00,0,124,81,1043,12.88,7,1,,7,,,147,227.7,230.7,187.2,30,15,44
45,Dwayne Bowe\BoweDw00,KAN,WR,24,16,16,0,0,0,0,0,0,0,,0,157,86,1022,11.88,7,0,,7,,,144,230.2,233.2,187.2,27,16,45
46,Visanthe Shiancoe\ShiaVi00,MIN,TE,28,16,15,0,0,0,0,0,0,0,,0,59,42,596,14.19,7,0,,7,,,102,143.6,146.6,122.6,27,5,46
47,Santana Moss\MossSa00,WAS,WR,29,16,16,0,0,0,0,0,1,27,27.00,0,138,79,1044,13.22,6,1,1,7,,,143,226.1,230.1,186.6,26,17,47
48,Kevin Smith\SmitKe02,DET,RB,22,16,12,0,0,0,0,0,238,976,4.10,8,54,39,286,7.33,0,2,1,8,,,174,211.2,218.2,191.7,26,18,48
49,Bernard Berrian\BerrBe00,MIN,WR,28,16,13,0,0,0,0,0,4,26,6.50,0,95,48,964,20.08,7,1,1,8,,,141,193.0,197.0,169.0,24,18,49
50,Eddie Royal\RoyaEd00,DEN,WR,22,15,15,0,1,0,0,0,11,109,9.91,0,129,91,980,10.77,5,2,1,5,1,,141,229.9,236.9,184.4,24,19,50
51,Owen Daniels*\DaniOw00,HOU,TE,26,16,16,0,0,0,0,0,0,0,,0,101,70,862,12.31,2,2,1,2,,,98,166.2,170.2,131.2,24,6,51
52,Kevin Walter\WaltKe00,HOU,WR,27,16,16,0,0,0,0,0,3,23,7.67,0,95,60,899,14.98,8,0,,8,,,140,200.2,203.2,170.2,23,20,52
53,Wes Welker*\WelkWe00,NWE,WR,27,16,14,0,0,0,0,0,3,26,8.67,0,149,111,1165,10.50,3,1,1,3,1,,139,248.1,252.1,192.6,22,21,53
54,LenDale White\WhitLe01,TEN,RB,24,16,2,0,0,0,0,0,200,773,3.87,15,10,5,16,3.20,0,1,1,15,,,169,171.9,175.9,169.4,21,19,54
55,Le'Ron McClain*+\McClLe00,BAL,RB,24,16,16,0,0,0,0,0,232,902,3.89,10,30,19,123,6.47,1,4,,11,,,169,187.5,193.5,178.0,20,20,55
56,Derrick Mason\MasoDe00,BAL,WR,34,16,16,0,0,0,0,0,1,3,3.00,0,121,80,1037,12.96,5,2,1,5,1,,136,214.0,218.0,174.0,19,22,56
57,John Carlson\CarlJo00,SEA,TE,24,16,9,0,0,0,0,0,0,0,,0,80,55,627,11.40,5,0,,5,,,93,147.7,150.7,120.2,18,7,57
58,Chris Cooley*\CoolCh00,WAS,TE,26,16,16,0,0,0,0,0,0,0,,0,111,83,849,10.23,1,3,2,1,,,91,169.9,174.9,128.4,17,8,58
59,Donald Driver\DrivDo00,GNB,WR,33,16,16,0,0,0,0,0,2,4,2.00,0,116,74,1012,13.68,5,0,,5,,,132,205.6,208.6,168.6,15,23,59
60,Pierre Thomas\ThomPi00,NOR,RB,24,15,5,0,0,0,0,0,129,625,4.84,9,41,31,284,9.16,3,1,1,12,,,163,191.9,198.9,176.4,15,21,60
61,Ryan Grant\GranRy00,GNB,RB,26,16,14,0,0,0,0,0,312,1203,3.86,4,22,18,116,6.44,1,4,3,5,,,162,173.9,182.9,164.9,14,22,61
62,Anthony Fasano\FasaAn00,MIA,TE,24,16,16,0,0,0,0,0,0,0,,0,53,34,454,13.35,7,0,,7,,,87,121.4,124.4,104.4,13,9,62
63,Greg Olsen\OlseGr00,CHI,TE,23,16,7,0,0,0,0,0,0,0,,0,82,54,574,10.63,5,2,2,5,,,87,137.4,142.4,110.4,13,10,63
64,Laveranues Coles\ColeLa00,NYJ,WR,31,16,16,0,0,0,0,0,2,9,4.50,0,116,70,850,12.14,7,1,,7,,,128,197.9,200.9,162.9,11,24,64
65,Isaac Bruce\BrucIs00,SFO,WR,36,16,15,0,1,0,0,0,1,-3,-3.00,0,108,61,835,13.69,7,0,,7,,,127,186.2,189.2,155.7,10,25,65
66,Tony Scheffler\ScheTo00,DEN,TE,25,13,7,0,0,0,0,0,1,-1,-1.00,0,61,40,645,16.13,3,1,1,3,,,82,120.4,124.4,100.4,8,11,66
67,Lee Evans\EvanLe00,BUF,WR,27,16,16,0,0,0,0,0,1,22,22.00,0,102,63,1017,16.14,3,2,1,3,1,,124,184.9,188.9,153.4,7,26,67
68,Muhsin Muhammad\MuhaMu00,CAR,WR,35,16,15,0,0,0,0,0,0,0,,0,107,65,923,14.20,5,2,1,5,,,122,185.3,189.3,152.8,6,27,68
69,Derrick Ward\WardDe01,NYG,RB,28,16,3,0,0,0,0,0,182,1025,5.63,2,55,41,384,9.37,0,2,,2,,,153,193.9,199.9,173.4,5,23,69
70,David Garrard\GarrDa00,JAX,QB,30,16,16,335,535,3620,15,13,73,322,4.41,2,1,1,-6,-6.00,0,7,4,2,,,222,215.4,238.4,227.9,4,9,70
71,Steve Breaston\BreaSt00,ARI,WR,25,16,9,0,0,0,0,0,2,8,4.00,0,113,77,1006,13.06,3,1,,3,,,119,196.4,199.4,157.9,3,28,71
72,Tyler Thigpen\ThigTy00,KAN,QB,24,14,11,230,420,2608,18,12,62,386,6.23,3,1,1,37,37.00,1,6,2,4,,1,221,217.6,237.6,229.1,3,10,72
73,Chad Pennington\PennCh01,MIA,QB,32,16,16,321,476,3653,19,7,30,62,2.07,1,0,0,0,,0,3,1,1,,,220,218.3,229.3,225.3,2,11,73
74,Jerricho Cotchery\CotcJe00,NYJ,WR,26,16,16,0,0,0,0,0,2,8,4.00,0,112,71,858,12.08,5,2,1,5,1,,119,187.6,191.6,152.1,2,29,74
75,Reagan Maui'a\MauiRe00,CIN,,24,2,2,0,0,0,0,0,0,0,,0,,0,0,,0,0,,0,,,,,,,,1,75
76,J.P. Foschi\FoscJo00,KAN,,26,7,0,0,0,0,0,0,0,0,,0,,0,0,,0,0,,0,,,,,,,,2,76
77,DeSean Jackson\JackDe00,PHI,WR,22,16,15,0,1,0,0,1,17,96,5.65,1,120,62,912,14.71,2,4,2,4,,,117,180.8,186.8,150.8,,30,77
78,Kevin Boss\BossKe00,NYG,TE,24,15,15,0,0,0,0,0,0,0,,0,55,33,384,11.64,6,0,,6,,,74,107.4,110.4,90.9,,12,78
79,Tony Romo\RomoTo00,DAL,QB,28,13,13,276,450,3448,26,14,28,41,1.46,0,0,0,0,,0,13,7,0,,,218,204.0,228.0,218.0,,12,
80,Eli Manning*\MannEl00,NYG,QB,27,16,16,289,479,3238,21,10,20,10,0.50,1,0,0,0,,0,5,2,1,,1,203,198.5,213.5,208.5,,13,
81,Jason Campbell\CampJa00,WAS,QB,27,16,16,315,506,3245,13,6,47,258,5.49,1,0,0,0,,0,7,1,1,,,202,199.6,212.6,205.6,,14,
82,Matt Ryan\RyanMa00,ATL,QB,23,16,16,265,434,3440,16,11,55,104,1.89,1,0,0,0,,0,6,1,1,,1,198,196.0,214.0,207.0,,15,
83,Brett Favre*\FavrBr00,NYJ,QB,39,16,16,343,522,3472,22,22,21,43,2.05,1,0,0,2,,0,10,2,1,,1,197,191.4,218.4,213.4,,16,
84,Kyle Orton\OrtoKy00,CHI,QB,26,15,15,272,465,2972,18,12,24,49,2.04,3,0,0,0,,0,6,5,3,,1,192,181.8,201.8,193.8,,17,
85,Ben Roethlisberger\RoetBe00,PIT,QB,26,16,16,281,469,3301,17,15,34,101,2.97,2,1,1,-7,-7.00,0,14,7,2,,,191,178.4,206.4,192.9,,18,
86,Joe Flacco\FlacJo00,BAL,QB,23,16,16,257,428,2971,14,12,52,180,3.46,2,1,1,43,43.00,0,11,2,2,,1,187,184.1,204.1,195.6,,19,
87,Matt Schaub\SchaMa00,HOU,QB,27,11,11,251,380,3043,15,10,31,68,2.19,2,0,0,0,,0,10,4,2,,1,183,174.5,191.5,184.5,,20,
88,Jake Delhomme\DelhJa00,CAR,QB,33,16,16,246,414,3288,15,12,20,21,1.05,2,0,0,0,,0,5,2,2,,,182,177.6,194.6,189.6,,21,
89,Jeff Garcia\GarcJe00,TAM,QB,38,12,11,244,376,2712,12,6,35,148,4.23,1,0,0,0,,0,7,2,1,,1,167,163.3,177.3,169.3,,22,
90,Trent Edwards\EdwaTr01,BUF,QB,25,14,14,245,374,2699,11,10,36,117,3.25,3,0,0,0,,0,9,5,3,,1,164,153.7,174.7,163.7,,23,
91,JaMarcus Russell\RussJa00,OAK,QB,23,15,15,198,368,2423,13,8,17,127,7.47,1,1,0,0,,0,12,7,1,,,152,137.6,158.6,145.6,,24,
92,Kerry Collins*\CollKe00,TEN,QB,36,16,15,242,415,2676,12,7,25,49,1.96,0,0,0,0,,0,5,1,0,,1,148,145.9,156.9,152.9,,25,
93,Jonathan Stewart\StewJo00,CAR,RB,21,16,0,0,0,0,0,0,184,836,4.54,10,17,8,47,5.88,0,2,1,10,,,148,154.3,158.3,150.3,,24,
94,Shaun Hill\HillSh00,SFO,QB,28,9,8,181,288,2046,13,8,24,115,4.79,2,0,0,0,,0,8,2,2,,,143,137.3,153.3,145.3,,26,
95,Jamal Lewis\LewiJa00,CLE,RB,29,16,16,0,0,0,0,0,279,1002,3.59,4,32,23,178,7.74,0,2,1,4,,,142,163.0,170.0,151.5,,25,
96,Dominic Rhodes\RhodDo00,IND,RB,29,15,4,0,0,0,0,0,152,538,3.54,6,59,45,302,6.71,3,0,,9,1,,140,185.0,191.0,162.5,,26,
97,Kevin Faulk\FaulKe00,NWE,RB,32,15,3,1,1,-2,0,0,83,507,6.11,3,74,58,486,8.38,3,0,,6,,,135,193.2,199.2,164.2,,27,
98,Marc Bulger\BulgMa00,STL,QB,31,15,15,251,440,2720,11,13,14,41,2.93,0,2,2,17,8.50,0,5,4,0,,,133,126.6,146.6,138.6,,27,
99,Ryan Fitzpatrick\FitzRy00,CIN,QB,26,13,12,221,372,1905,8,9,60,304,5.07,2,1,1,-3,-3.00,0,11,5,2,,,132,123.3,143.3,131.8,,28,
100,Sammy Morris\MorrSa00,NWE,RB,31,13,7,0,0,0,0,0,156,727,4.66,7,24,17,161,9.47,0,1,1,7,,,131,145.8,152.8,137.3,,28,
101,Leon Washington*+\WashLe00,NYJ,RB,26,16,1,0,0,0,0,0,76,448,5.89,6,61,47,355,7.55,2,3,2,9,1,,130,179.3,187.3,155.8,,29,
102,Larry Johnson\JohnLa00,KAN,RB,29,12,12,1,1,4,1,0,193,874,4.53,5,17,12,74,6.17,0,5,1,5,,,129,139.0,143.0,133.0,,30,
103,Mewelde Moore\MoorMe00,PIT,RB,26,16,4,0,0,0,0,0,140,588,4.20,5,53,40,320,8.00,1,2,,6,,,127,166.8,172.8,146.8,,31,
104,Willis McGahee\McGaWi00,BAL,RB,27,13,8,0,0,0,0,0,170,671,3.95,7,32,24,173,7.21,0,3,3,7,,,126,144.4,153.4,132.4,,32,
105,Warrick Dunn\DunnWa00,TAM,RB,33,15,6,0,0,0,0,0,186,786,4.23,2,68,47,330,7.02,0,0,,2,,,124,170.6,176.6,147.1,,33,
106,Tim Hightower\HighTi00,ARI,RB,22,16,7,0,0,0,0,0,143,399,2.79,10,50,34,237,6.97,0,2,,10,,,124,157.6,163.6,140.6,,34,
107,Reggie Bush\BushRe00,NOR,RB,23,10,9,0,0,0,0,0,106,404,3.81,2,73,52,440,8.46,4,3,2,9,,,120,186.4,194.4,160.4,,35,
108,Chester Taylor\TaylCh01,MIN,RB,29,16,1,1,1,4,1,0,101,399,3.95,4,55,45,399,8.87,2,2,2,6,,,120,161.0,169.0,138.5,,36,
109,Jerious Norwood\NorwJe00,ATL,RB,25,16,0,0,0,0,0,0,95,489,5.15,4,54,36,338,9.39,2,2,,6,,,119,154.7,160.7,136.7,,37,
110,Ricky Williams\WillRi00,MIA,RB,31,16,3,0,0,0,0,0,160,659,4.12,4,39,29,219,7.55,1,5,2,5,,,118,142.8,150.8,128.3,,38,
111,Joseph Addai\AddaJo00,IND,RB,25,12,12,0,0,0,0,0,155,544,3.51,5,39,25,206,8.24,2,1,1,7,,,117,140.0,147.0,127.5,,39,
112,T.J. Houshmandzadeh\HousTJ00,CIN,WR,31,15,15,0,0,0,0,0,1,9,9.00,0,137,92,904,9.83,4,0,,4,,,115,207.3,210.3,161.3,,31,
113,Santonio Holmes\HolmSa00,PIT,WR,24,15,15,0,0,0,0,0,2,9,4.50,0,114,55,821,14.93,5,4,2,5,,,113,164.0,169.0,136.5,,32,
114,Gus Frerotte\FrerGu00,MIN,QB,37,11,11,178,301,2157,12,15,19,7,0.37,1,0,0,0,,0,4,,1,,,111,111.0,129.0,126.0,,29,
115,Ted Ginn\GinnTe00,MIA,WR,23,16,14,0,0,0,0,0,5,73,14.60,2,93,56,790,14.11,2,5,,4,,,110,166.3,169.3,138.3,,33,
116,Willie Parker\ParkWi00,PIT,RB,28,11,11,0,0,0,0,0,210,791,3.77,5,10,3,13,4.33,0,0,,5,,,110,113.4,116.4,111.9,,40,
117,Braylon Edwards\EdwaBr00,CLE,WR,25,16,16,0,0,0,0,0,0,0,,0,138,55,873,15.87,3,0,,3,2,,109,164.3,167.3,136.8,,34,
118,Mark Clayton\ClayMa01,BAL,WR,26,16,13,1,1,32,1,0,6,81,13.50,1,82,41,695,16.95,3,0,,4,,,107,147.9,150.9,127.4,,35,
119,Fred Jackson\JackFr02,BUF,RB,27,16,3,0,0,0,0,0,130,571,4.39,3,45,37,317,8.57,0,3,1,3,,,107,141.8,148.8,123.3,,41,
120,Seneca Wallace\WallSe00,SEA,QB,28,10,8,141,242,1532,11,3,16,78,4.88,0,0,0,0,,0,4,3,0,,,107,101.1,110.1,104.1,,30,
121,Marques Colston\ColsMa00,NOR,WR,25,11,6,0,0,0,0,0,0,0,,0,88,47,760,16.17,5,1,,5,,,106,153.0,156.0,129.5,,36,
122,Cedric Benson\BensCe00,CIN,RB,26,12,10,0,0,0,0,0,214,747,3.49,2,26,20,185,9.25,0,2,1,2,,,105,123.2,130.2,113.2,,42,
123,Darren Sproles\SproDa00,SDG,RB,25,16,0,0,0,0,0,0,61,330,5.41,1,34,29,342,11.79,5,3,1,7,1,,105,138.2,145.2,123.7,,43,
124,Earnest Graham\GrahEa00,TAM,RB,28,10,10,1,1,3,1,0,132,563,4.27,4,33,23,174,7.57,0,2,1,4,,,102,122.8,129.8,111.3,,45,
125,Darren McFadden\McFaDa00,OAK,RB,21,13,5,0,0,0,0,0,113,499,4.42,4,39,29,285,9.83,0,3,1,4,,,102,129.4,136.4,114.9,,44,
126,Justin Gage\GageJu00,TEN,WR,27,12,11,0,0,0,0,0,0,0,,0,74,34,651,19.15,6,0,,6,,,101,135.1,138.1,118.1,,37,
127,Devery Henderson\HendDe00,NOR,WR,26,16,13,0,0,0,0,0,4,33,8.25,0,56,32,793,24.78,3,1,,3,,,101,132.6,135.6,116.6,,38,
128,Donnie Avery\AverDo00,STL,WR,24,15,12,0,0,0,0,0,10,69,6.90,1,102,53,674,12.72,3,0,,4,,,98,151.3,154.3,124.8,,39,
129,Torry Holt\HoltTo00,STL,WR,32,16,14,0,0,0,0,0,0,0,,0,119,64,796,12.44,3,0,,3,,,98,161.6,164.6,129.6,,41,
130,Michael Jenkins\JenkMi00,ATL,WR,26,16,12,0,0,0,0,0,0,0,,0,81,50,777,15.54,3,0,,3,1,,98,147.7,150.7,122.7,,40,
131,Justin Fargas\FargJu00,OAK,RB,28,14,14,0,0,0,0,0,218,853,3.91,1,15,10,52,5.20,0,3,1,1,,,97,104.5,108.5,99.5,,46,
132,Derek Anderson\AndeDe00,CLE,QB,25,10,9,142,283,1615,9,8,25,55,2.20,0,0,0,0,,0,9,2,0,,2,94,90.1,103.1,98.1,,31,
133,Marvin Harrison\HarrMa00,IND,WR,36,15,15,0,0,0,0,0,0,0,,0,107,60,636,10.60,5,1,1,5,,,94,151.6,155.6,121.6,,42,
134,Correll Buckhalter\BuckCo00,PHI,RB,30,14,2,0,0,0,0,0,76,369,4.86,2,32,26,324,12.46,2,0,,4,,,93,119.3,125.3,106.3,,47,
135,J.T. O'Sullivan\OSulJ.00,SFO,QB,29,9,8,128,220,1678,8,11,30,145,4.83,0,0,0,0,,0,11,6,0,,,92,79.6,102.6,90.6,,32,
136,Devin Hester\HestDe99,CHI,WR,26,15,8,0,0,0,0,0,6,61,10.17,0,91,51,665,13.04,3,5,1,3,,,91,139.6,143.6,114.1,,43,
137,Deuce McAllister\McAlDe00,NOR,RB,30,13,6,0,0,0,0,0,107,418,3.91,5,23,18,128,7.11,1,0,,6,,,91,108.6,114.6,99.6,,48,
138,Anthony Gonzalez\GonzAn00,IND,WR,24,16,2,0,0,0,0,0,0,0,,0,79,57,664,11.65,4,0,,4,,,90,147.4,150.4,118.9,,44,
139,Antwaan Randle El\RandAn00,WAS,WR,29,16,16,3,4,46,1,0,1,5,5.00,0,87,53,593,11.19,4,2,,4,,,90,142.6,145.6,116.1,,45,
140,Tarvaris Jackson\JackTa00,MIN,QB,25,9,5,88,149,1056,9,2,26,145,5.58,0,0,0,0,,0,5,3,0,,,89,82.7,93.7,84.7,,33,
141,Peyton Hillis\HillPe00,DEN,RB,22,12,6,0,0,0,0,0,68,343,5.04,5,19,14,179,12.79,1,0,,6,,,88,102.2,108.2,95.2,,50,
142,Julius Jones\JoneJu01,SEA,RB,27,15,10,0,0,0,0,0,158,698,4.42,2,25,14,66,4.71,0,4,2,2,,,88,98.4,103.4,91.4,,49,
143,Matt Jones\JoneMa00,JAX,WR,25,12,10,0,0,0,0,0,0,0,,0,107,65,761,11.71,2,1,1,2,,,88,151.1,155.1,118.6,,46,
144,Dan Orlovsky\OrloDa00,DET,QB,25,10,7,143,255,1616,8,8,7,29,4.14,0,0,0,0,,0,3,,0,,2,88,87.5,98.5,95.5,,34,
145,Zach Miller\MillZa01,OAK,WR,23,16,15,0,0,0,0,0,0,0,,0,86,56,778,13.89,1,0,,1,,,84,139.8,142.8,111.8,,47,
146,Maurice Morris\MorrMa00,SEA,RB,29,13,6,0,0,0,0,0,132,574,4.35,0,27,19,136,7.16,2,1,1,2,,,83,100.0,107.0,90.5,,51,
147,Nate Washington\WashNa00,PIT,WR,25,16,1,0,0,0,0,0,5,18,3.60,0,78,40,631,15.78,3,0,,3,,,83,122.9,125.9,102.9,,48,
148,Amani Toomer\ToomAm00,NYG,WR,34,16,12,0,0,0,0,0,0,0,,0,88,48,580,12.08,4,1,,4,,,82,130.0,133.0,106.0,,49,
149,Patrick Crayton\CrayPa00,DAL,WR,29,16,7,0,1,0,0,0,1,11,11.00,0,70,39,550,14.10,4,1,,4,,,80,119.1,122.1,99.6,,50,
150,Edgerrin James\JameEd00,ARI,RB,30,13,7,0,0,0,0,0,133,514,3.86,3,18,12,85,7.08,0,2,2,3,1,,80,87.9,92.9,81.9,,52,
151,Tashard Choice\ChoiTa00,DAL,RB,24,16,3,0,0,0,0,0,92,472,5.13,2,30,21,185,8.81,0,0,,2,,,78,98.7,104.7,88.2,,53,
152,Chad Johnson\JohnCh01,CIN,WR,30,13,10,0,0,0,0,0,0,0,,0,97,53,540,10.19,4,0,,4,,,78,131.0,134.0,104.5,,51,
153,Michael Bush\BushMi00,OAK,RB,24,15,0,1,2,8,0,0,95,421,4.43,3,30,19,162,8.53,0,1,1,3,,,77,93.6,100.6,84.1,,54,
154,Bobby Wade\WadeBo00,MIN,WR,27,16,14,0,0,0,0,0,0,0,,0,89,53,645,12.17,2,2,,2,,,77,129.5,132.5,103.0,,52,
155,Chris Chambers\ChamCh00,SDG,WR,30,14,9,0,0,0,0,0,1,1,1.00,0,65,33,462,14.00,5,0,1,5,,,76,107.3,111.3,90.8,,53,
156,Domenik Hixon\HixoDo00,NYG,WR,24,16,7,0,0,0,0,0,2,26,13.00,0,73,43,596,13.86,2,0,,2,1,,76,119.2,122.2,97.7,,54,
157,Greg Camarillo\CamaGr00,MIA,WR,26,11,11,0,0,0,0,0,2,1,0.50,0,83,55,613,11.15,2,0,,2,,,73,128.4,131.4,100.9,,55,
158,Bryant Johnson\JohnBr02,SFO,WR,27,16,12,0,0,0,0,0,0,0,,0,75,45,546,12.13,3,0,,3,,,73,117.6,120.6,95.1,,56,
159,Ray Rice\RiceRa00,BAL,RB,21,13,4,0,0,0,0,0,107,454,4.24,0,43,33,273,8.27,0,1,1,0,,,73,103.7,110.7,87.2,,55,
160,Dustin Keller\KellDu00,NYJ,TE,24,16,6,0,0,0,0,0,0,0,,0,78,48,535,11.15,3,0,,3,,,72,119.5,122.5,95.5,,13,
161,Malcom Floyd\FloyMa00,SDG,WR,27,13,2,0,0,0,0,0,0,0,,0,37,27,465,17.22,4,0,,4,,,71,97.5,100.5,84.0,,58,
162,Brandon Stokley\StokBr00,DEN,WR,32,15,2,0,0,0,0,0,0,0,,0,86,49,528,10.78,3,0,,3,,,71,119.8,122.8,95.3,,57,
163,Fred Taylor\TaylFr00,JAX,RB,32,13,13,0,0,0,0,0,143,556,3.89,1,22,16,98,6.13,0,1,1,1,,,71,85.4,89.4,77.4,,56,
164,Jerheme Urban\UrbaJe00,ARI,WR,28,16,2,1,1,18,0,0,0,0,,0,51,34,448,13.18,4,0,,4,,,70,103.5,106.5,86.5,,59,
165,Plaxico Burress\BurrPl00,NYG,WR,31,10,9,0,0,0,0,0,0,0,,0,66,35,454,12.97,4,0,,4,,,69,104.4,107.4,86.9,,60,
166,Jamaal Charles\CharJa00,KAN,RB,22,16,2,0,0,0,0,0,67,357,5.33,0,39,27,272,10.07,1,2,2,1,,,69,91.9,99.9,78.4,,57,
167,Heath Miller\MillHe00,PIT,TE,26,14,14,0,0,0,0,0,0,0,,0,66,48,514,10.71,3,1,1,3,,,69,115.4,119.4,91.4,,14,
168,Bo Scaife\ScaiBo00,TEN,TE,27,16,7,0,0,0,0,0,0,0,,0,84,58,561,9.67,2,1,,2,,,68,126.1,129.1,97.1,,15,
169,Dennis Northcutt\NortDe00,JAX,WR,31,14,3,0,0,0,0,0,1,9,9.00,0,68,44,545,12.39,2,1,1,2,,,67,109.4,113.4,87.4,,61,
170,Michael Pittman\PittMi00,DEN,RB,33,8,3,0,0,0,0,0,76,320,4.21,4,13,10,112,11.20,0,0,,4,,,67,77.2,83.2,72.2,,58,
171,Ike Hilliard\HillIk00,TAM,WR,32,16,2,0,0,0,0,0,1,0,0.00,0,58,47,424,9.02,4,2,2,4,,,66,109.4,114.4,85.9,,62,
172,Josh Reed\ReedJo01,BUF,WR,28,13,13,0,0,0,0,0,0,0,,0,80,56,597,10.66,1,0,,1,,,66,121.7,124.7,93.7,,63,
173,Deion Branch\BranDe00,SEA,WR,29,8,8,0,0,0,0,0,0,0,,0,59,30,412,13.73,4,0,,4,,,65,95.2,98.2,80.2,,64,
174,T.J. Duckett\DuckT.00,SEA,RB,27,16,0,0,0,0,0,0,62,172,2.77,8,1,0,0,,0,0,,8,,,65,65.2,68.2,65.2,,59,
175,Sage Rosenfels\RoseSa00,HOU,QB,30,6,5,116,174,1431,6,10,11,37,3.36,0,0,0,0,,0,4,2,0,,,65,60.9,75.9,70.9,,35,
176,Johnnie Lee Higgins\HiggJo00,OAK,WR,25,16,3,0,0,0,0,0,3,34,11.33,0,42,22,366,16.64,4,1,1,7,,,64,102.0,106.0,91.0,,65,
177,Billy Miller\MillBi00,NOR,TE,31,15,5,0,0,0,0,0,0,0,,0,62,45,579,12.87,1,0,,1,,,64,108.9,111.9,86.4,,16,
178,Davone Bess\BessDa00,MIA,WR,23,16,6,0,0,0,0,0,1,13,13.00,0,75,54,554,10.26,1,1,1,1,,,63,114.7,118.7,87.7,,68,
179,Daniel Graham\GrahDa00,DEN,TE,30,16,16,0,0,0,0,0,0,0,,0,50,32,389,12.16,4,0,,4,,,63,94.9,97.9,78.9,,17,
180,David Martin\MartDa00,MIA,WR,29,16,7,0,0,0,0,0,0,0,,0,45,31,450,14.52,3,1,1,3,,,63,92.0,96.0,76.5,,67,
181,Steve Smith\SmitSt02,NYG,WR,23,16,4,0,0,0,0,0,0,0,,0,82,57,574,10.07,1,1,,1,,,63,120.4,123.4,91.9,,66,
182,Hank Baskett\BaskHa00,PHI,WR,26,15,6,0,0,0,0,0,0,0,,0,52,33,440,13.33,3,1,,3,,,62,95.0,98.0,78.5,,69,
183,Mark Bradley\BradMa00,2TM,WR,26,12,8,1,1,37,1,0,0,0,,0,63,30,380,12.67,3,0,,3,,,61,91.5,94.5,76.5,,70,
184,Jabar Gaffney\GaffJa00,NWE,RB,28,16,7,0,0,0,0,0,0,0,,0,65,38,468,12.32,2,0,,2,1,,61,98.8,101.8,79.8,,61,
185,BenJarvus Green-Ellis\GreeBe00,NWE,RB,23,9,3,0,0,0,0,0,74,275,3.72,5,6,3,37,12.33,0,0,,5,,,61,64.2,67.2,62.7,,60,
186,Marcedes Lewis\LewiMa00,JAX,TE,24,16,16,0,0,0,0,0,0,0,,0,74,41,489,11.93,2,0,,2,,,61,101.9,104.9,81.4,,18,
187,Kellen Winslow\WinsKe01,CLE,TE,25,10,8,0,0,0,0,0,0,0,,0,83,43,428,9.95,3,1,1,3,,,61,101.8,105.8,80.3,,19,
188,LaMont Jordan\JordLa00,NWE,RB,30,8,0,0,0,0,0,0,80,363,4.54,4,0,0,0,,0,1,,4,,,60,60.3,63.3,60.3,,62,
189,Donald Lee\LeexDo00,GNB,TE,28,16,14,0,0,0,0,0,0,0,,0,50,39,303,7.77,5,0,,5,,,60,99.3,102.3,79.8,,20,
190,Rashied Davis\DaviRa00,CHI,WR,29,16,12,0,0,0,0,0,3,14,4.67,0,67,35,445,12.71,2,0,,3,,,58,98.9,101.9,81.4,,71,
191,Todd Heap\HeapTo00,BAL,TE,28,16,16,0,0,0,0,0,0,0,,0,64,35,403,11.51,3,1,1,3,,,58,91.3,95.3,73.8,,21,
192,J.J. Arrington\ArriJ.00,ARI,RB,25,11,3,0,1,0,0,0,31,187,6.03,1,40,29,255,8.79,1,0,,3,,,56,91.2,97.2,76.7,,63,
193,Matt Hasselbeck\HassMa00,SEA,QB,33,7,7,109,209,1216,5,10,11,69,6.27,0,0,0,0,,0,1,,0,,,56,55.5,68.5,65.5,,36,
194,Roy Williams\WillRo04,2TM,WR,27,15,11,0,0,0,0,0,1,13,13.00,0,39,36,430,11.94,2,0,,2,,,56,92.3,95.3,74.3,,72,
195,Michael Clayton\ClayMi00,TAM,WR,26,15,9,0,0,0,0,0,2,5,2.50,0,61,38,484,12.74,1,1,1,1,,,55,90.9,94.9,71.9,,74,
196,Robert Meachem\MeacRo00,NOR,WR,24,14,3,0,0,0,0,0,1,20,20.00,1,20,12,289,24.08,3,0,,4,,,55,66.9,69.9,60.9,,73,
197,Patrick Cobbs\CobbPa00,MIA,RB,25,16,2,0,0,0,0,0,12,88,7.33,1,27,19,275,14.47,2,0,,3,,,54,73.3,76.3,63.8,,64,
198,Brandon Jones\JoneBr02,TEN,WR,26,16,7,0,0,0,0,0,2,35,17.50,0,62,41,449,10.95,1,0,,1,,,54,95.4,98.4,74.9,,75,
199,Chansi Stuckey\StucCh20,NYJ,WR,25,15,2,0,0,0,0,0,1,1,1.00,0,45,32,359,11.22,3,0,,3,,,54,86.0,89.0,70.0,,77,
200,Reggie Williams\WillRe00,JAX,WR,25,16,11,0,0,0,0,0,1,0,0.00,0,63,37,364,9.84,3,0,,3,,,54,91.4,94.4,72.9,,76,
201,Martellus Bennett\BennMa00,DAL,RB,21,16,7,0,0,0,0,0,0,0,,0,27,20,283,14.15,4,0,,4,,,52,72.3,75.3,62.3,,65,
202,Ahmad Bradshaw\BradAh00,NYG,RB,22,15,0,0,0,0,0,0,67,355,5.30,1,6,5,42,8.40,1,3,,2,,,52,56.7,59.7,54.2,,66,
203,Koren Robinson\RobiKo00,SEA,WR,28,12,12,0,0,0,0,0,1,-4,-4.00,0,58,31,400,12.90,2,0,,2,,,52,82.6,85.6,67.1,,78,
204,Jerramy Stevens\StevJe00,TAM,TE,29,15,3,0,0,0,0,0,0,0,,0,59,36,397,11.03,2,0,,2,,,52,87.7,90.7,69.7,,22,
205,Cadillac Williams\WillCa02,TAM,RB,26,6,1,0,0,0,0,0,63,233,3.70,4,7,7,43,6.14,0,1,,4,,,52,58.6,61.6,55.1,,67,
206,Kevin Curtis\CurtKe00,PHI,WR,30,9,8,0,0,0,0,0,0,0,,0,63,33,390,11.82,2,0,,2,,,51,84.0,87.0,67.5,,79,
207,Harry Douglas\DougHa00,ATL,WR,24,16,0,0,0,0,0,0,12,69,5.75,1,39,23,320,13.91,1,1,1,3,,,51,77.9,81.9,66.4,,80,
208,Ahman Green\GreeAh00,HOU,RB,31,8,1,0,0,0,0,0,74,294,3.97,3,14,11,32,2.91,0,0,,3,,,51,61.6,64.6,56.1,,68,
209,Jason Avant\AvanJa00,PHI,WR,25,15,6,0,0,0,0,0,0,0,,0,57,32,377,11.78,2,0,,2,,,50,81.7,84.7,65.7,,83,
210,Brandon Lloyd\LloyBr00,CHI,WR,27,11,5,0,0,0,0,0,0,0,,0,50,26,364,14.00,2,0,,2,1,,50,76.4,79.4,63.4,,81,
211,Josh Morgan\MorgJo00,SFO,WR,23,12,1,0,0,0,0,0,0,0,,0,43,20,319,15.95,3,0,,3,,,50,69.9,72.9,59.9,,82,
212,Vernon Davis\DaviVe00,SFO,TE,24,16,16,0,0,0,0,0,1,11,11.00,0,49,31,358,11.55,2,2,1,2,,,49,77.9,81.9,62.4,,23,
213,Bobby Engram\EngrBo00,SEA,WR,35,13,11,0,0,0,0,0,0,0,,0,80,47,489,10.40,0,1,,0,,,49,95.9,98.9,72.4,,84,
214,DeShaun Foster\FostDe00,SFO,RB,28,16,2,0,0,0,0,0,76,234,3.08,1,20,16,133,8.31,1,2,1,2,,,49,62.7,69.7,54.7,,70,
215,Brian Griese\GrieBr00,TAM,QB,33,5,5,110,184,1073,5,7,5,-1,-0.20,0,0,0,0,,0,1,1,0,,,49,46.8,57.8,53.8,,37,
216,Brandon Jackson\JackBr00,GNB,RB,23,13,0,0,0,0,0,0,45,248,5.51,1,39,30,185,6.17,0,1,,1,,,49,79.3,85.3,64.3,,69,
217,Jordy Nelson\NelsJo00,GNB,WR,23,16,2,0,0,0,0,0,0,0,,0,54,33,366,11.09,2,0,,2,,,49,81.6,84.6,65.1,,85,
218,Jerome Harrison\HarrJe00,CLE,RB,25,15,0,0,0,0,0,0,34,246,7.24,1,18,12,116,9.67,1,0,,2,,,48,60.2,66.2,54.2,,71,
219,Jeremy Shockey\ShocJe00,NOR,TE,28,12,11,0,0,0,0,0,0,0,,0,72,50,483,9.66,0,2,2,0,,,48,94.3,99.3,69.3,,24,
220,L.J. Smith\SmitL.00,PHI,TE,28,13,12,0,0,0,0,0,0,0,,0,64,37,298,8.05,3,0,,3,,,48,84.8,87.8,66.3,,25,
221,Ladell Betts\BettLa00,WAS,RB,29,13,0,0,0,0,0,0,61,206,3.38,1,35,22,200,9.09,0,1,1,1,,,47,66.6,73.6,55.6,,73,
222,Leonard Weaver\WeavLe00,SEA,RB,26,14,7,0,0,0,0,0,30,130,4.33,0,32,20,222,11.10,2,1,1,2,,,47,65.2,72.2,55.2,,72,
223,Miles Austin\AustMi00,DAL,WR,24,12,0,0,0,0,0,0,0,0,,0,23,13,278,21.38,3,1,,3,,,46,58.8,61.8,52.3,,86,
224,Felix Jones\JoneFe00,DAL,RB,21,6,0,0,0,0,0,0,30,266,8.87,3,2,2,10,5.00,0,0,,4,,,46,53.6,56.6,52.6,,75,
225,Chris Perry\PerrCh00,CIN,RB,27,13,6,0,0,0,0,0,104,269,2.59,2,34,20,71,3.55,0,5,3,2,,,46,60.0,66.0,50.0,,74,
226,Rudi Johnson\JohnRu00,DET,RB,29,14,4,0,0,0,0,0,76,237,3.12,1,14,12,88,7.33,1,1,,2,,,45,56.5,59.5,50.5,,76,
227,Alex Smith\SmitAl02,TAM,TE,26,14,12,0,0,0,0,0,0,0,,0,38,21,250,11.90,3,0,,3,1,,45,66.0,69.0,55.5,,26,
228,Daunte Culpepper\CulpDa00,DET,QB,31,5,5,60,115,786,4,6,12,25,2.08,1,0,0,0,,0,5,1,1,,,44,41.9,51.9,47.9,,38,
229,Jason Hill\HillJa00,SFO,WR,23,16,2,0,0,0,0,0,2,5,2.50,0,40,30,317,10.57,2,1,,2,,,44,74.2,77.2,59.2,,87,
230,Jon Kitna\KitnJo00,DET,QB,36,4,4,68,120,758,5,5,6,34,5.67,0,0,0,0,,0,3,1,0,,,44,41.7,50.7,46.7,,39,
231,Tatum Bell\BellTa00,DEN,RB,27,7,3,0,0,0,0,0,44,249,5.66,2,14,10,57,5.70,0,0,,2,,,43,52.6,55.6,47.6,,78,
232,Desmond Clark\ClarDe00,CHI,TE,31,16,16,0,0,0,0,0,0,0,,0,73,41,367,8.95,1,1,,1,,,43,83.7,86.7,63.2,,27,
233,Antonio Pittman\PittAn00,STL,RB,23,12,5,0,0,0,0,0,79,296,3.75,0,27,18,132,7.33,0,1,,0,,,43,60.8,66.8,51.8,,77,
234,Justin McCareins\McCaJu00,TEN,WR,30,14,10,0,0,0,0,0,2,8,4.00,0,72,30,412,13.73,0,2,2,0,,,42,68.0,73.0,53.0,,88,
235,Robert Royal\RoyaRo00,BUF,TE,29,15,7,0,0,0,0,0,0,0,,0,57,33,351,10.64,1,2,2,1,,,41,70.1,75.1,53.6,,28,
236,Dane Looker\LookDa00,STL,WR,32,13,6,2,3,17,0,0,0,0,,0,47,23,271,11.78,2,2,1,2,,,40,60.8,64.8,49.3,,89,
237,J.P. Losman\LosmJ.00,BUF,QB,27,5,2,63,104,584,2,5,12,70,5.83,2,0,0,0,,0,8,4,2,,,40,32.4,44.4,37.4,,40,
238,Shaun McDonald\McDoSh00,DET,WR,27,12,7,0,0,0,0,0,0,0,,0,67,35,332,9.49,1,2,1,1,,,39,72.2,76.2,54.7,,90,
239,Brent Celek\CeleBr00,PHI,TE,23,16,7,0,0,0,0,0,0,0,,0,38,27,318,11.78,1,0,,1,,,38,64.8,67.8,51.3,,29,
240,Sidney Rice\RiceSi01,MIN,WR,22,13,3,0,1,0,0,0,0,0,,0,31,15,141,9.40,4,0,,4,,,38,53.1,56.1,45.6,,91,
241,Selvin Young\YounSe00,DEN,RB,25,8,5,0,0,0,0,0,61,303,4.97,1,8,3,16,5.33,0,1,1,1,,,38,38.9,42.9,37.4,,79,
242,Carson Palmer\PalmCa00,CIN,QB,29,4,4,75,129,731,3,4,6,38,6.33,0,0,0,0,,0,2,,0,,,37,37.0,44.0,41.0,,41,
243,David Anderson\AndeDa01,HOU,WR,25,16,1,0,0,0,0,0,0,0,,0,29,19,241,12.68,2,0,,2,,,36,55.1,58.1,45.6,,92,
244,Arnaz Battle\BattAr00,SFO,WR,28,9,0,0,0,0,0,0,1,18,18.00,0,42,24,318,13.25,0,1,1,0,,,34,55.6,59.6,43.6,,95,
245,Chris Henry\HenrCh00,CIN,WR,25,12,1,0,0,0,0,0,0,0,,0,46,19,220,11.58,2,0,,2,,,34,53.0,56.0,43.5,,94,
246,Chaz Schilens\SchiCh00,OAK,WR,23,16,6,0,0,0,0,0,1,-2,-2.00,0,32,15,226,15.07,2,0,,2,,,34,49.4,52.4,41.9,,93,
247,Marty Booker\BookMa00,CHI,WR,32,13,5,0,0,0,0,0,1,3,3.00,0,49,14,211,15.07,2,0,,2,,,33,47.4,50.4,40.4,,96,
248,James Jones\JoneJa04,GNB,WR,24,10,2,0,0,0,0,0,0,0,,0,30,20,274,13.70,1,0,,1,,,33,53.4,56.4,43.4,,97,
249,Ben Watson\WatsBe00,NWE,TE,28,14,9,0,0,0,0,0,0,0,,0,47,22,209,9.50,2,1,1,2,,,33,52.9,56.9,41.9,,30,
250,Reggie Brown\BrowRe01,PHI,WR,27,10,3,0,0,0,0,0,1,6,6.00,0,35,18,252,14.00,1,0,,1,,,32,49.8,52.8,40.8,,98,
251,Alge Crumpler\CrumAl00,TEN,TE,31,15,15,0,0,0,0,0,0,0,,0,41,24,257,10.71,1,1,,1,,,32,55.7,58.7,43.7,,32,
252,Kenneth Darby\DarbKe00,STL,RB,26,10,0,0,0,0,0,0,32,140,4.38,0,21,19,183,9.63,0,1,1,0,,,32,49.3,56.3,39.8,,80,
253,Michael Gaines\GainMi00,DET,TE,28,16,6,0,0,0,0,0,0,0,,0,36,23,260,11.30,1,3,2,1,,,32,51.0,56.0,39.5,,31,
254,Ashley Lelie\LeliAs00,OAK,WR,28,13,6,0,0,0,0,0,0,0,,0,45,11,197,17.91,2,0,,2,,,32,42.7,45.7,37.2,,99,
255,Josh Cribbs\CribJo01,CLE,WR,25,15,2,1,4,8,0,0,29,167,5.76,1,7,2,18,9.00,1,0,,3,,,31,38.8,41.8,37.8,,100,
256,Devard Darling\DarlDe00,KAN,WR,26,16,9,0,0,0,0,0,0,0,,0,33,17,247,14.53,1,0,,1,,,31,47.7,50.7,39.2,,102,
257,Jacob Hester\HestJa00,SDG,RB,23,16,3,0,0,0,0,0,19,95,5.00,1,13,12,91,7.58,1,1,1,2,,,31,40.6,41.6,34.6,,81,
258,Greg Lewis\LewiGr01,PHI,WR,28,16,0,0,0,0,0,0,0,0,,0,35,19,247,13.00,1,0,,1,,,31,49.7,52.7,40.2,,101,
259,Ronald Curry\CurrRo01,OAK,WR,29,13,10,0,0,0,0,0,1,1,1.00,0,48,19,181,9.53,2,0,,2,,,30,49.2,52.2,39.7,,103,
260,Ahmard Hall\HallAh00,TEN,RB,29,16,11,0,0,0,0,0,8,21,2.63,0,18,13,138,10.62,2,1,1,2,1,,30,40.9,44.9,34.4,,83,
261,Roscoe Parrish\ParrRo00,BUF,WR,26,13,1,0,0,0,0,0,2,9,4.50,0,45,24,232,9.67,1,2,1,2,,,30,58.1,62.1,46.1,,104,
262,Jason Wright\WrigJa01,CLE,RB,26,15,0,0,0,0,0,0,23,85,3.70,0,37,22,156,7.09,1,1,,1,,,30,52.1,55.1,41.1,,82,
263,Justin Peelle\PeelJu00,ATL,TE,29,16,11,0,0,0,0,0,0,0,,0,23,15,159,10.60,2,0,,2,,,28,42.9,45.9,35.4,,33,
264,Rex Grossman\GrosRe00,CHI,QB,28,4,1,32,62,257,2,2,3,4,1.33,2,0,0,0,,0,0,,2,,,27,26.7,28.7,28.7,,44,
265,Byron Leftwich\LeftBy00,PIT,QB,28,5,0,21,36,303,2,0,4,7,1.75,1,0,0,0,,0,0,,1,,,27,26.8,29.8,26.8,,42,
266,Jason McKie\McKiJa00,CHI,RB,28,11,8,0,0,0,0,0,11,26,2.36,2,15,11,64,5.82,1,1,1,3,,,27,36.0,37.0,30.5,,84,
267,Sinorice Moss\MossSi00,NYG,WR,25,10,0,0,0,0,0,0,0,0,,0,15,12,153,12.75,2,0,,2,,,27,39.3,42.3,33.3,,105,
268,Brady Quinn\QuinBr00,CLE,QB,24,3,3,45,89,518,2,2,5,21,4.20,0,0,0,0,,0,0,,0,,,27,26.8,31.8,28.8,,43,
269,Dante Rosario\RosaDa00,CAR,TE,24,16,6,0,0,0,0,0,0,0,,0,31,18,209,11.61,1,0,,1,,,27,44.9,47.9,35.9,,34,
270,Mike Tolbert\TolbMi00,SDG,RB,23,13,7,0,0,0,0,0,13,37,2.85,0,15,13,171,13.15,1,0,,1,,,27,39.8,42.8,33.3,,85,
271,Jeff King\KingJe00,CAR,TE,25,16,15,0,0,0,0,0,0,0,,0,34,21,195,9.29,1,0,,1,,,26,46.5,49.5,36.0,,35,
272,Gary Russell\RussGa00,PIT,RB,22,12,0,0,0,0,0,0,28,77,2.75,3,2,1,-2,-2.00,0,0,,3,,,26,26.5,26.5,26.0,,86,
273,Javon Walker\WalkJa00,OAK,WR,30,8,7,0,0,0,0,0,0,0,,0,32,15,196,13.07,1,0,,1,,,26,40.6,43.6,33.1,,106,
274,Steve Heiden\HeidSt00,CLE,TE,32,14,11,0,0,0,0,0,0,0,,0,42,23,249,10.83,0,0,,0,,,25,47.9,50.9,36.4,,36,
275,Darrell Jackson\JackDa00,DEN,WR,30,12,2,0,0,0,0,0,0,0,,0,21,12,190,15.83,1,0,,1,,,25,37.0,40.0,31.0,,107,
276,Brandon Manumaleuna\ManuBr00,SDG,TE,28,16,11,0,0,0,0,0,0,0,,0,19,15,127,8.47,2,0,,2,,,25,39.7,42.7,32.2,,37,
277,Michael Robinson\RobiMi00,SFO,RB,25,16,1,0,0,0,0,0,19,50,2.63,0,20,17,202,11.88,0,1,1,0,,,25,40.2,44.2,31.7,,87,
278,Keenan Burton\BurtKe00,STL,WR,24,13,1,0,0,0,0,0,3,8,2.67,0,29,13,172,13.23,1,0,,1,,,24,37.0,40.0,30.5,,110,
279,Mark Campbell\CampMa00,NOR,TE,33,9,4,0,0,0,0,0,0,0,,0,16,12,121,10.08,2,0,,2,,,24,36.1,39.1,30.1,,38,
280,Jerry Porter\PortJe00,JAX,WR,30,10,6,0,0,0,0,0,0,0,,0,29,11,181,16.45,1,0,,1,,,24,35.1,38.1,29.6,,109,
281,John Standeford\StanJo00,DET,WR,26,9,4,0,0,0,0,0,0,0,,0,34,15,244,16.27,0,1,1,0,,,24,37.4,41.4,29.9,,108,
282,Demetrius Williams\WillDe03,BAL,WR,25,7,0,0,0,0,0,0,0,0,,0,23,13,180,13.85,1,0,,1,,,24,37.0,40.0,30.5,,111,
283,Brian Finneran\FinnBr00,ATL,WR,32,16,0,0,0,0,0,0,0,0,,0,36,21,169,8.05,1,1,1,1,,,23,41.9,45.9,31.4,,114,
284,Steve Johnson\JohnSt00,BUF,WR,22,11,1,0,0,0,0,0,1,6,6.00,0,14,10,102,10.20,2,0,,2,,,23,32.8,35.8,27.8,,115,
285,Ruvell Martin\MartRu00,GNB,WR,26,13,1,0,0,0,0,0,0,0,,0,26,15,149,9.93,1,0,,1,1,,23,37.9,40.9,30.4,,113,
286,Donte' Stallworth\StalDo00,CLE,WR,28,11,7,0,0,0,0,0,1,-4,-4.00,0,45,17,170,10.00,1,0,,1,,,23,39.6,42.6,31.1,,116,
287,Devin Thomas\ThomDe02,WAS,WR,22,16,1,0,0,0,0,0,3,53,17.67,1,27,15,120,8.00,0,0,,1,,,23,38.3,41.3,30.8,,112,
288,David Patten\PattDa00,NOR,WR,34,5,3,0,0,0,0,0,0,0,,0,20,11,162,14.73,1,0,,1,,,22,33.2,36.2,27.7,,117,
289,Mike Sims-Walker\WalkMi01,JAX,WR,24,9,1,0,0,0,0,0,0,0,,0,30,16,217,13.56,0,0,,0,,,22,37.7,40.7,29.7,,118,
290,Andre' Davis\DaviAn01,HOU,WR,29,12,0,0,0,0,0,0,0,0,,0,28,13,213,16.38,0,0,,0,,,21,34.3,37.3,27.8,,119,
291,John Gilmore\GilmJo00,TAM,TE,29,16,10,0,0,0,0,0,0,0,,0,21,15,147,9.80,1,0,,1,,,21,35.7,38.7,28.2,,40,
292,James Hardy\HardJa00,BUF,WR,23,14,3,0,0,0,0,0,0,0,,0,24,9,87,9.67,2,0,,2,,,21,29.7,29.7,25.2,,120,
293,Reggie Kelly\KellRe00,CIN,TE,31,16,15,0,0,0,0,0,0,0,,0,42,31,207,6.68,0,0,,0,,,21,51.7,54.7,36.2,,41,
294,John Kuhn\KuhnJo00,GNB,RB,26,16,3,0,0,0,0,0,8,10,1.25,1,7,4,21,5.25,2,0,,3,,,21,25.1,25.1,23.1,,90,
295,P.J. Pope\PopeP.20,DEN,RB,24,5,1,0,0,0,0,0,17,130,7.65,0,4,3,24,8.00,1,0,,1,,,21,24.4,27.4,22.9,,88,
296,Derek Schouman\SchoDe00,BUF,TE,23,16,12,0,0,0,0,0,0,0,,0,20,15,153,10.20,1,1,,1,,,21,36.3,39.3,28.8,,39,
297,Kolby Smith\SmitKo00,KAN,RB,24,7,3,0,0,0,0,0,35,100,2.86,1,11,10,52,5.20,0,0,,1,,,21,31.2,34.2,26.2,,89,
298,B.J. Askew\AskeB.00,TAM,RB,28,10,4,0,0,0,0,0,7,14,2.00,2,18,13,66,5.08,0,0,,2,,,20,33.0,33.0,26.5,,92,
299,Antonio Chatman\ChatAn00,CIN,WR,29,10,1,0,0,0,0,0,2,4,2.00,0,31,21,194,9.24,0,1,1,0,,,20,38.8,42.8,28.3,,121,
300,Damon Huard\HuarDa00,KAN,QB,35,5,3,50,81,477,2,4,4,13,3.25,0,0,0,0,,0,3,1,0,,,20,18.4,26.4,22.4,,45,
301,Delanie Walker\WalkHu00,SFO,TE,24,15,2,0,0,0,0,0,2,-13,-6.50,0,16,10,155,15.50,1,2,,1,,,20,30.2,33.2,25.2,,42,
302,DeShawn Wynn\WynnDe00,GNB,RB,25,5,0,0,0,0,0,0,8,110,13.75,1,3,3,30,10.00,0,1,,1,,,20,23.0,26.0,21.5,,91,
303,Chris Baker\BakeCh00,NYJ,TE,29,16,13,0,0,0,0,0,0,0,,0,30,21,194,9.24,0,0,,0,,,19,40.4,43.4,29.9,,43,
304,Greg Jones\JoneGr01,JAX,RB,27,12,7,0,0,0,0,0,2,13,6.50,0,16,13,116,8.92,1,0,,1,,,19,31.9,34.9,25.4,,93,
305,Keary Colbert\ColbKe00,3TM,RB,26,13,7,0,0,0,0,0,0,0,,0,27,12,116,9.67,1,0,,1,,,18,29.6,32.6,23.6,,96,
306,Mike Furrey\FurrMi00,DET,WR,31,9,2,0,0,0,0,0,0,0,,0,35,18,181,10.06,0,1,,0,,,18,36.1,39.1,27.1,,124,
307,D.J. Hackett\HackD.00,CAR,WR,27,9,2,0,0,0,0,0,0,0,,0,28,13,181,13.92,0,1,1,0,,,18,29.1,33.1,22.6,,125,
308,Montell Owens\OwenMo01,JAX,RB,24,16,0,0,0,0,0,0,2,43,21.50,2,3,2,17,8.50,0,0,,3,,,18,26.0,26.0,25.0,,95,
309,Mike Sellers*\SellMi00,WAS,RB,33,16,6,0,0,0,0,0,6,24,4.00,0,15,12,98,8.17,1,1,1,1,,,18,28.2,29.2,22.2,,94,
310,Brad Smith\SmitBr01,NYJ,WR,25,15,1,1,2,18,0,0,12,113,9.42,0,20,12,64,5.33,0,2,1,0,,,18,28.4,32.4,22.4,,122,
311,Derek Stanley\StanDe00,STL,WR,23,10,0,0,0,0,0,0,1,0,0.00,0,12,6,119,19.83,1,2,2,1,,,18,19.9,24.9,16.9,,126,
312,Syndric Steptoe\StepSy20,CLE,WR,24,16,5,0,0,0,0,0,0,0,,0,41,19,182,9.58,0,1,1,0,,,18,35.2,39.2,25.7,,123,
313,Casey Fitzsimmons\FitzCa00,DET,TE,28,14,1,0,0,0,0,0,0,0,,0,28,12,85,7.08,1,0,,1,1,,17,28.5,28.5,22.5,,45,
314,Andre Hall\HallAn01,DEN,RB,26,8,0,0,0,0,0,0,35,144,4.11,0,3,3,25,8.33,0,2,2,0,,,17,15.9,20.9,14.4,,97,
315,Darcy Johnson\JohnDa03,NYG,TE,25,16,2,0,0,0,0,0,0,0,,0,6,4,46,11.50,2,1,1,2,,,17,18.6,19.6,16.6,,44,
316,Ryan Moats\MoatRy00,HOU,RB,26,9,0,0,0,0,0,0,26,94,3.62,1,5,3,14,4.67,0,0,,1,,,17,19.8,19.8,18.3,,98,
317,Gijon Robinson\RobiGi21,IND,RB,24,15,14,0,0,0,0,0,0,0,,0,24,19,166,8.74,0,0,,0,,,17,35.6,38.6,26.1,,99,
318,Tory Humphrey\HumpTo00,GNB,TE,25,16,7,0,0,0,0,0,0,0,,0,17,11,162,14.73,0,0,,0,,,16,27.2,30.2,21.7,,46,
319,Vonta Leach\LeacVo00,HOU,RB,27,16,12,0,0,0,0,0,1,1,1.00,1,18,12,103,8.58,0,0,,1,,,16,28.4,31.4,22.4,,100,
320,Aaron Stecker\StecAa00,NOR,RB,33,6,0,0,0,0,0,0,8,43,5.38,0,12,9,52,5.78,1,0,,1,,,16,24.5,24.5,20.0,,101,
321,Derek Fine\FineDe00,BUF,TE,25,10,5,0,0,0,0,0,0,0,,0,12,10,94,9.40,1,0,,1,,,15,25.4,25.4,20.4,,47,
322,Justin Griffith\GrifJu00,OAK,RB,28,7,3,0,0,0,0,0,2,2,1.00,0,13,9,85,9.44,1,0,,1,,,15,23.7,23.7,19.2,,104,
323,Brad Johnson\JohnBr00,DAL,QB,40,16,3,41,78,427,2,5,2,-1,-0.50,0,0,0,0,,0,1,,0,,,15,15.0,23.0,20.0,,46,
324,Mike Karney\KarnMi00,NOR,RB,27,12,8,0,0,0,0,0,8,10,1.25,2,12,9,18,2.00,0,0,,2,,,15,23.8,23.8,19.3,,103,
325,Adrian Peterson\PeteAd00,CHI,RB,29,15,0,0,0,0,0,0,20,100,5.00,0,10,6,45,7.50,0,0,,0,,,15,20.5,23.5,17.5,,105,
326,Jason Snelling\SnelJa00,ATL,RB,25,16,1,0,0,0,0,0,15,62,4.13,0,11,8,89,11.13,0,0,,0,,,15,23.1,23.1,19.1,,102,
327,David Carr\CarrDa00,NYG,QB,29,3,0,9,12,115,2,0,8,10,1.25,0,0,0,0,,0,0,,0,,,14,13.6,13.6,13.6,,47,
328,Joey Galloway\GallJo00,TAM,WR,37,9,4,0,0,0,0,0,0,0,,0,28,13,138,10.62,0,0,,0,,,14,26.8,29.8,20.3,,128,
329,Nate Jackson\JackNa00,DEN,TE,29,10,3,0,0,0,0,0,0,0,,0,17,11,84,7.64,1,0,,1,,,14,25.4,25.4,19.9,,48,
330,Randy McMichael\McMiRa01,STL,TE,29,4,4,0,0,0,0,0,0,0,,0,21,11,139,12.64,0,0,,0,,,14,24.9,27.9,19.4,,50,
331,Chad Simpson\SimpCh00,IND,RB,23,11,0,0,0,0,0,0,15,45,3.00,1,4,3,30,10.00,0,1,,1,,,14,16.5,16.5,15.0,,106,
332,Matt Spaeth\SpaeMa00,PIT,TE,25,16,13,0,0,0,0,0,0,0,,0,26,17,136,8.00,0,0,,0,,,14,30.6,33.6,22.1,,51,
333,James Thrash\ThraJa00,WAS,WR,33,16,5,0,0,0,0,0,0,0,,0,22,9,81,9.00,1,0,,1,,,14,23.1,23.1,18.6,,127,
334,Daniel Wilcox\WilcDa01,BAL,TE,31,13,1,0,0,0,0,0,0,0,,0,7,5,19,3.80,2,0,,2,,,14,18.9,18.9,16.4,,49,
335,Andre Caldwell\CaldAn00,CIN,WR,23,7,4,0,0,0,0,0,5,53,10.60,0,19,11,78,7.09,0,0,,0,,,13,24.1,24.1,18.6,,129,
336,Jermichael Finley\FinlJe00,GNB,TE,21,14,1,0,0,0,0,0,0,0,,0,12,6,74,12.33,1,0,,1,,,13,19.4,19.4,16.4,,52,
337,Matt Leinart\LeinMa00,ARI,QB,25,4,0,15,29,264,1,1,4,5,1.25,0,0,0,0,,0,2,1,0,,,13,11.1,13.1,12.1,,49,
338,Troy Smith\SmitTr02,BAL,QB,24,6,0,3,4,82,1,0,9,24,2.67,0,2,1,36,36.00,0,0,,0,,,13,14.3,14.3,13.8,,48,
339,Ryan Torain\ToraRy00,DEN,RB,22,2,1,0,0,0,0,0,15,69,4.60,1,0,0,0,,0,0,,1,,,13,12.9,12.9,12.9,,107,
340,Mike Bell\BellMi00,NOR,RB,25,4,0,0,0,0,0,0,13,42,3.23,1,2,1,14,14.00,0,0,,1,,,12,12.6,12.6,12.1,,108,
341,Nate Burleson\BurlNa00,SEA,WR,27,1,1,0,0,0,0,0,0,0,,0,9,5,60,12.00,1,0,,1,,,12,17.0,17.0,14.5,,131,
342,Dwayne Jarrett\JarrDw00,CAR,WR,22,9,1,0,0,0,0,0,0,0,,0,19,10,119,11.90,0,0,,0,,,12,21.9,24.9,16.9,,132,
343,Joe Klopfenstein\KlopJo00,STL,TE,25,16,10,0,0,0,0,0,0,0,,0,19,11,123,11.18,0,1,1,0,,,12,21.3,25.3,15.8,,55,
344,Billy McMullen\McMuBi00,SEA,WR,28,4,2,0,0,0,0,0,0,0,,0,18,7,124,17.71,0,1,1,0,,,12,17.4,21.4,13.9,,130,
345,John Owens\OwenJo00,DET,TE,28,16,7,0,0,0,0,0,0,0,,0,12,8,56,7.00,1,0,,1,,,12,19.6,19.6,15.6,,57,
346,Ben Patrick\PatrBe00,ARI,TE,24,10,3,0,0,0,0,0,0,0,,0,18,11,104,9.45,0,0,,0,,,12,21.4,24.4,15.9,,54,
347,Tom Santi\SantTo00,IND,TE,23,6,2,0,0,0,0,0,0,0,,0,13,10,64,6.40,1,0,,1,,,12,22.4,22.4,17.4,,53,
348,Ben Utecht\UtecBe00,CIN,TE,27,10,6,0,0,0,0,0,0,0,,0,28,16,123,7.69,0,1,,0,,,12,28.3,31.3,20.3,,56,
349,Aundrae Allison\AlliAu00,MIN,WR,22,15,0,0,0,0,0,0,1,1,1.00,0,21,10,109,10.90,0,2,,0,,,11,21.0,24.0,16.0,,134,
350,Michael Bumpus\BumpMi00,SEA,WR,23,4,1,0,0,0,0,0,0,0,,0,8,5,48,9.60,1,1,1,1,,,11,13.8,14.8,11.3,,135,
351,Greg Estandia\EstaGr01,JAX,TE,26,16,1,0,0,0,0,0,0,0,,0,15,10,113,11.30,0,1,,0,,,11,21.3,24.3,16.3,,58,
352,Dante Hall\HallDa00,STL,WR,30,8,0,0,1,0,0,0,4,9,2.25,0,18,12,105,8.75,0,0,,0,,,11,23.4,26.4,17.4,,133,
353,Madison Hedgecock\HedgMa00,NYG,RB,27,16,10,0,0,0,0,0,1,0,0.00,0,15,8,52,6.50,1,0,,1,,,11,19.2,19.2,15.2,,110,
354,Tony Hunt\HuntTo01,PHI,RB,23,6,2,0,0,0,0,0,4,9,2.25,1,6,6,42,7.00,0,1,1,1,,,11,15.1,16.1,12.1,,111,
355,Kevin Jones\JoneKe02,CHI,RB,26,11,0,0,0,0,0,0,34,109,3.21,0,2,2,5,2.50,0,0,,0,,,11,13.4,16.4,12.4,,109,
356,Lousaka Polite\PoliLo00,MIA,RB,27,11,5,0,0,0,0,0,23,85,3.70,0,8,6,24,4.00,0,0,1,0,,,11,14.9,15.9,11.9,,113,
357,Drew Stanton\StanDr00,DET,QB,24,3,0,9,17,119,1,0,3,20,6.67,0,0,0,0,,0,0,,0,,,11,10.8,10.8,10.8,,51,
358,Lawrence Vickers\VickLa00,CLE,RB,25,12,8,0,0,0,0,0,10,31,3.10,0,15,10,78,7.80,0,0,,0,,,11,20.9,20.9,15.9,,112,
359,Todd Yoder\YodeTo00,WAS,TE,30,16,2,0,0,0,0,0,0,0,,0,10,8,50,6.25,1,0,,1,,,11,19.0,19.0,15.0,,59,
360,Vince Young\YounVi00,TEN,QB,25,3,1,22,36,219,1,2,8,27,3.38,0,0,0,0,,0,2,,0,,,11,11.5,13.5,13.5,,50,
361,Sam Aiken\AikeSa00,NWE,WR,28,14,2,0,0,0,0,0,0,0,,0,11,8,101,12.63,0,0,,0,,,10,18.1,21.1,14.1,,137,
362,Darnell Dinkins\DinkDa00,CLE,TE,31,14,2,0,0,0,0,0,0,0,,0,11,5,41,8.20,1,0,,1,,,10,15.1,15.1,12.6,,60,
363,Yamon Figurs\FiguYa00,BAL,WR,25,12,0,0,0,0,0,0,0,0,,0,5,1,43,43.00,1,3,1,1,,,10,9.3,10.3,8.8,,136,
364,Charlie Frye\FryeCh00,SEA,QB,27,2,1,12,23,83,2,2,2,30,15.00,0,0,0,0,,0,0,,0,,,10,10.3,12.3,12.3,,52,
365,Quinton Ganther\GantQu00,TEN,RB,24,13,0,0,0,0,0,0,9,61,6.78,0,6,6,43,7.17,0,0,,0,,,10,16.4,16.4,13.4,,114,
366,Quinn Gray\GrayQu00,KAN,QB,29,1,0,7,8,76,1,0,1,27,27.00,0,0,0,0,,0,0,,0,,,10,9.7,9.7,9.7,,53,
367,Korey Hall\HallKo99,GNB,RB,25,11,5,0,0,0,0,0,0,0,,0,7,7,38,5.43,1,0,,1,,,10,16.8,16.8,13.3,,115,
368,Courtney Taylor\TaylCo00,SEA,WR,24,10,4,0,0,0,0,0,0,0,,0,25,9,98,10.89,0,0,,0,,,10,18.8,18.8,14.3,,138,
369,Dominique Zeigler\ZiegDo00,SFO,WR,24,8,0,0,0,0,0,0,0,0,,0,8,5,97,19.40,0,0,,0,,,10,14.7,14.7,12.2,,139,
370,Lance Ball\BallLa00,IND,RB,23,1,0,0,0,0,0,0,13,83,6.38,0,1,1,5,5.00,0,1,,0,,,9,9.8,9.8,9.3,,117,
371,Najeh Davenport\DaveNa00,2TM,RB,29,6,0,0,0,0,0,0,10,31,3.10,0,4,4,54,13.50,0,0,,0,,,9,12.5,12.5,10.5,,118,
372,Early Doucet\DoucEa00,ARI,WR,23,7,0,0,0,0,0,0,0,0,,0,17,14,90,6.43,0,0,,0,,,9,23.0,23.0,16.0,,141,
373,Trent Green\GreeTr00,STL,QB,38,3,1,38,72,525,0,6,3,4,1.33,0,0,0,0,,0,0,,0,,,9,9.4,18.4,15.4,,54,
374,Glenn Holt\HoltGl00,CIN,WR,24,15,2,0,0,0,0,0,0,0,,0,11,3,26,8.67,1,1,1,1,,,9,9.6,10.6,8.1,,142,
375,Jim Kleinsasser\KleiJi00,MIN,TE,31,16,11,0,0,0,0,0,0,0,,0,13,6,92,15.33,0,0,,0,,,9,15.2,15.2,12.2,,62,
376,Laurence Maroney\MaroLa00,NWE,RB,23,3,3,0,0,0,0,0,28,93,3.32,0,0,0,0,,0,0,,0,,,9,9.3,9.3,9.3,,116,
377,David Thomas\ThomDa02,NWE,TE,25,15,10,0,0,0,0,0,0,0,,0,17,9,93,10.33,0,0,,0,,,9,18.3,18.3,13.8,,61,
378,Troy Williamson\WillTr01,JAX,WR,25,8,1,0,0,0,0,0,1,1,1.00,0,13,5,30,6.00,1,0,,1,,,9,14.1,14.1,11.6,,140,
379,Joel Dreessen\DreeJo00,HOU,TE,26,16,3,0,0,0,0,0,0,0,,0,17,11,77,7.00,0,1,,0,,,8,18.7,18.7,13.2,,66,
380,Kyle Eckel\EckeKy00,PHI,RB,27,5,0,0,0,0,0,0,24,79,3.29,0,0,0,0,,0,0,,0,,,8,7.9,7.9,7.9,,121,
381,Heath Evans\EvanHe00,NWE,RB,30,16,4,0,0,0,0,0,11,23,2.09,0,4,3,59,19.67,0,0,,0,,,8,11.2,11.2,9.7,,120,
382,Daniel Fells\FellDa00,STL,TE,25,12,1,0,0,0,0,0,0,0,,0,11,7,81,11.57,0,0,,0,,,8,15.1,15.1,11.6,,65,
383,Will Franklin\FranWi00,KAN,WR,23,13,1,0,0,0,0,0,0,0,,0,17,7,83,11.86,0,0,,0,,,8,15.3,15.3,11.8,,144,
384,Joey Haynos\HaynJo00,MIA,TE,24,7,0,0,0,0,0,0,0,0,,0,4,2,22,11.00,1,1,,1,,,8,10.2,10.2,9.2,,63,
385,James Johnson\JohnJa02,CIN,RB,24,4,0,0,0,0,0,0,9,29,3.22,0,7,6,47,7.83,0,0,,0,,,8,13.6,13.6,10.6,,122,
386,Jacoby Jones\JoneJa03,HOU,WR,24,16,0,0,0,0,0,0,1,-5,-5.00,0,5,3,81,27.00,0,4,3,2,,,8,16.6,19.6,15.1,,146,
387,Rashard Mendenhall\MendRa00,PIT,RB,21,4,1,0,0,0,0,0,19,58,3.05,0,3,2,17,8.50,0,0,,0,,,8,9.5,9.5,8.5,,123,
388,Legedu Naanee\NaanLe00,SDG,WR,25,16,0,0,0,0,0,0,0,0,,0,11,8,64,8.00,0,0,,0,1,,8,16.4,16.4,12.4,,143,
389,Alvin Pearman\PearAl00,JAX,RB,26,1,0,0,0,0,0,0,0,0,,0,1,1,23,23.00,1,0,,1,,,8,9.3,9.3,8.8,,119,
390,Leonard Pope\PopeLe00,ARI,WR,25,13,8,0,0,0,0,0,0,0,,0,13,9,77,8.56,0,0,,0,,,8,16.7,16.7,12.2,,145,
391,Jim Sorgi\SorgJi00,IND,QB,28,1,0,22,30,178,0,0,5,8,1.60,0,0,0,0,,0,0,,0,,,8,7.9,7.9,7.9,,55,
392,Tony Stewart\StewTo00,OAK,TE,29,16,4,0,0,0,0,0,0,0,,0,15,11,81,7.36,0,0,,0,,,8,19.1,19.1,13.6,,64,
393,Deon Anderson\AndeDe01,DAL,RB,25,14,5,0,0,0,0,0,2,3,1.50,0,3,2,7,3.50,1,0,,1,,,7,9.0,9.0,8.0,,125,
394,Lavelle Hawkins\HawkLa00,TEN,WR,22,13,1,0,0,0,0,0,0,0,,0,12,7,68,9.71,0,0,,0,,,7,13.8,13.8,10.3,,147,
395,Garrett Mills\MillGa01,MIN,TE,25,8,0,0,0,0,0,0,0,0,,0,11,5,65,13.00,0,0,,0,,,7,11.5,11.5,9.0,,67,
396,Ovie Mughelli\MughOv00,ATL,RB,28,16,13,0,0,0,0,0,5,16,3.20,0,10,8,57,7.13,0,0,,0,,,7,15.3,15.3,11.3,,124,
397,Tony Richardson\RichTo00,NYJ,RB,37,16,7,0,0,0,0,0,10,65,6.50,0,7,1,4,4.00,0,0,,0,,,7,7.9,7.9,7.4,,126,
398,Allen Rossum\RossAl99,SFO,WR,33,13,1,0,0,0,0,0,1,1,1.00,1,1,1,4,4.00,0,0,,2,,,7,13.5,13.5,13.0,,148,
399,Garrett Wolfe\WolfGa00,CHI,RB,24,13,0,0,0,0,0,0,15,69,4.60,0,0,0,0,,0,0,,0,,,7,6.9,6.9,6.9,,127,
400,Richard Angulo\AnguRi00,JAX,TE,28,15,6,0,0,0,0,0,0,0,,0,11,8,63,7.88,0,0,,0,,,6,14.3,14.3,10.3,,69,
401,Lorenzo Booker\BookLo00,PHI,RB,24,10,1,0,0,0,0,0,20,53,2.65,0,10,6,11,1.83,0,0,,0,,,6,12.4,12.4,9.4,,130,
402,Brad Cottam\CottBr00,KAN,TE,24,16,7,0,0,0,0,0,0,0,,0,11,7,63,9.00,0,0,,0,,,6,13.3,13.3,9.8,,68,
403,Casey Cramer\CramCa00,MIA,RB,26,9,2,0,0,0,0,0,0,0,,0,2,2,3,1.50,1,0,,1,,,6,8.3,8.3,7.3,,131,
404,Brodie Croyle\CroyBr00,KAN,QB,25,2,2,20,29,151,0,0,0,0,,0,0,0,0,,0,0,,0,,,6,6.0,6.0,6.0,,56,
405,Carey Davis\DaviCa00,PIT,RB,27,14,3,0,0,0,0,0,12,35,2.92,0,6,5,27,5.40,0,2,,0,,,6,11.2,11.2,8.7,,132,
406,Craig Davis\DaviCr00,SDG,WR,23,4,0,0,0,0,0,0,0,0,,0,7,4,59,14.75,0,0,,0,,,6,9.9,9.9,7.9,,150,
407,De Dorsey\DorsDe00,CIN,RB,24,4,0,0,0,0,0,0,5,8,1.60,0,2,2,49,24.50,0,0,,0,,,6,7.7,7.7,6.7,,137,
408,Jerome Felton\FeltJe00,DET,RB,22,13,6,0,0,0,0,0,2,4,2.00,0,9,9,53,5.89,0,0,,0,,,6,14.7,14.7,10.2,,135,
409,Brad Hoover\HoovBr00,CAR,RB,32,16,11,0,0,0,0,0,9,18,2.00,0,11,6,39,6.50,0,0,,0,,,6,11.7,11.7,8.7,,136,
410,Travis Minor\MinoTr00,STL,RB,29,13,0,0,0,0,0,0,13,29,2.23,0,6,5,35,7.00,0,1,,0,,,6,11.4,11.4,8.9,,128,
411,Lorenzo Neal\NealLo00,BAL,RB,38,16,5,0,0,0,0,0,12,25,2.08,0,15,7,35,5.00,0,0,,0,,,6,13.0,13.0,9.5,,133,
412,Clifton Smith*\SmitCl22,TAM,RB,23,9,0,0,0,0,0,0,8,40,5.00,0,5,4,24,6.00,0,4,3,2,,,6,16.4,19.4,14.4,,129,
413,Limas Sweed\SweeLi00,PIT,WR,24,11,0,0,0,0,0,0,0,0,,0,10,6,64,10.67,0,2,1,0,,,6,10.4,11.4,7.4,,149,
414,Kenny Watson\WatsKe00,CIN,RB,30,10,0,0,0,0,0,0,13,55,4.23,0,9,3,4,1.33,0,0,,0,,,6,8.9,8.9,7.4,,134,
415,Brooks Bollinger\BollBr00,DAL,QB,29,2,0,10,17,71,1,1,0,0,,0,0,0,0,,0,0,,0,,,5,4.8,5.8,5.8,,57,
416,Bubba Franks\FranBu00,NYJ,TE,30,8,4,0,0,0,0,0,0,0,,0,12,6,47,7.83,0,0,,0,,,5,10.7,10.7,7.7,,70,
417,Derek Hagan\HagaDe00,2TM,WR,24,5,0,0,0,0,0,0,0,0,,0,6,3,51,17.00,0,0,,0,,,5,8.1,8.1,6.6,,152,
418,Laurent Robinson\RobiLa01,ATL,WR,23,6,0,0,0,0,0,0,0,0,,0,6,5,52,10.40,0,0,,0,,,5,10.2,10.2,7.7,,151,
419,Dantrell Savage\SavaDa20,KAN,RB,23,8,0,0,0,0,0,0,15,53,3.53,0,2,2,0,0.00,0,0,,0,,,5,7.3,7.3,6.3,,138,
420,Owen Schmitt\SchmOw00,SEA,RB,23,15,1,0,0,0,0,0,5,21,4.20,0,8,6,29,4.83,0,0,,0,,,5,11.0,11.0,8.0,,139,
421,Jeff Webb\WebbJe00,KAN,WR,26,5,1,0,0,0,0,0,0,0,,0,13,5,46,9.20,0,0,,0,,,5,9.6,9.6,7.1,,153,
422,Anthony Becht\BechAn00,STL,WR,31,16,11,0,0,0,0,0,0,0,,0,11,6,39,6.50,0,0,,0,,,4,9.9,9.9,6.9,,154,
423,Mike Cox\Cox_Mi20,KAN,RB,23,16,5,0,0,0,0,0,1,-2,-2.00,0,13,8,19,2.38,0,0,,0,1,,4,11.7,11.7,7.7,,142,
424,Dan Klecko\KlecDa20,PHI,RB,27,16,3,0,0,0,0,0,0,0,,0,8,6,36,6.00,0,0,,0,,,4,9.6,9.6,6.6,,144,
425,Kregg Lumpkin\LumpKr00,GNB,RB,24,2,0,0,0,0,0,0,1,19,19.00,0,3,3,22,7.33,0,0,,0,,,4,7.1,7.1,5.6,,140,
426,Logan Payne\PaynLo20,SEA,WR,23,2,2,0,0,0,0,0,0,0,,0,4,3,39,13.00,0,1,,0,,,4,6.9,6.9,5.4,,155,
427,Naufahu Tahi\TahiNa00,MIN,RB,27,16,5,0,0,0,0,0,0,0,,0,21,16,37,2.31,0,1,1,0,,,4,17.7,18.7,9.7,,143,
428,Chris Taylor\TaylCh02,HOU,RB,29,3,0,0,0,0,0,0,14,37,2.64,0,0,0,0,,0,1,,0,,,4,3.7,3.7,3.7,,141,
429,Jerame Tuman\TumaJe00,ARI,TE,32,3,2,0,0,0,0,0,0,0,,0,3,3,41,13.67,0,0,,0,,,4,7.1,7.1,5.6,,71,
430,Andrew Walter\WaltAn00,OAK,QB,26,2,1,22,49,204,0,3,5,19,3.80,0,0,0,0,,0,2,,0,,,4,4.1,7.1,7.1,,58,
431,George Wrighster\WrigGe00,JAX,TE,27,5,2,0,0,0,0,0,0,0,,0,3,2,35,17.50,0,0,,0,,,4,5.5,5.5,4.5,,72,
432,Shaun Alexander\AlexSh00,WAS,RB,31,4,0,0,0,0,0,0,11,24,2.18,0,1,1,9,9.00,0,0,,0,,,3,4.3,4.3,3.8,,148,
433,Billy Bajema\BajeBi00,SFO,RB,26,16,10,0,0,0,0,0,0,0,,0,4,2,34,17.00,0,0,,0,,,3,5.4,5.4,4.4,,147,
434,Darian Barnes\BarnDa00,3TM,RB,28,9,2,0,0,0,0,0,0,0,,0,3,2,34,17.00,0,1,,0,,,3,5.4,5.4,4.4,,145,
435,Tom Brady\BradTo00,NWE,QB,31,1,1,7,11,76,0,0,0,0,,0,0,0,0,,0,0,,0,,,3,3.0,3.0,3.0,,59,
436,Aveion Cason\CasoAv00,DET,RB,29,7,0,0,0,0,0,0,4,7,1.75,0,4,4,27,6.75,0,1,1,0,,,3,5.4,6.4,3.4,,146,
437,David Clowney\ClowDa00,NYJ,WR,23,2,0,0,0,0,0,0,0,0,,0,2,1,26,26.00,0,0,,0,,,3,3.6,3.6,3.1,,160,
438,Tony Curtis\CurtTo00,DAL,RB,25,16,6,0,0,0,0,0,0,0,,0,12,8,32,4.00,0,1,,0,,,3,11.2,11.2,7.2,,149,
439,Chris Davis\DaviCh02,TEN,WR,24,5,0,0,0,0,0,0,0,0,,0,3,2,31,15.50,0,0,,0,,,3,5.1,5.1,4.1,,158,
440,Robert Ferguson\FergRo00,MIN,WR,29,8,0,0,0,0,0,0,0,0,,0,5,3,25,8.33,0,0,,0,,,3,5.5,5.5,4.0,,163,
441,Ben Hartsock\HartBe00,ATL,TE,28,11,11,0,0,0,0,0,0,0,,0,6,3,26,8.67,0,0,,0,,,3,5.6,5.6,4.1,,74,
442,Mike Hart\HartMi00,IND,RB,22,5,0,0,0,0,0,0,2,9,4.50,0,1,1,18,18.00,0,1,,0,,,3,3.7,3.7,3.2,,152,
443,Will Heller\HellWi00,SEA,TE,27,12,0,0,0,0,0,0,0,0,,0,6,4,29,7.25,0,1,1,0,,,3,4.9,5.9,2.9,,73,
444,Chad Henne\HennCh01,MIA,QB,23,3,0,7,12,67,0,0,0,0,,0,0,0,0,,0,0,,0,,,3,2.7,2.7,2.7,,60,
445,Edgar Jones\JoneEd22,BAL,TE,24,7,0,0,0,0,0,0,0,0,,0,1,1,25,25.00,0,0,,0,,,3,3.5,3.5,3.0,,77,
446,Mark Jones\JoneMa01,CAR,WR,28,16,0,0,0,0,0,0,0,0,,0,3,2,32,16.00,0,0,,0,,,3,5.2,5.2,4.2,,157,
447,Zak Keasey\KeasZa20,SFO,RB,26,6,3,0,0,0,0,0,0,0,,0,5,3,25,8.33,0,1,1,0,,,3,3.5,4.5,2.0,,153,
448,Luke Lawton\LawtLu00,OAK,RB,28,16,7,0,0,0,0,0,0,0,,0,11,6,30,5.00,0,0,,0,,,3,9.0,9.0,6.0,,150,
449,Brandon London\LondBr00,MIA,WR,24,14,1,0,0,0,0,0,0,0,,0,6,3,30,10.00,0,0,,0,,,3,6.0,6.0,4.5,,159,
450,Glenn Martinez\MartGl00,DEN,WR,27,2,0,0,0,0,0,0,0,0,,0,4,3,32,10.67,0,0,,0,,,3,6.2,6.2,4.7,,156,
451,Michael Matthews\MattMi00,NYG,TE,25,16,5,0,0,0,0,0,0,0,,0,3,2,26,13.00,0,0,,0,,,3,4.6,4.6,3.6,,75,
452,Jalen Parmele\ParmJa00,BAL,RB,23,1,0,0,0,0,0,0,2,27,13.50,0,0,0,0,,0,0,,0,,,3,2.7,2.7,2.7,,151,
453,Jason Rader\RadeJa00,ATL,TE,27,6,1,0,0,0,0,0,0,0,,0,1,1,26,26.00,0,1,1,0,,,3,1.6,2.6,1.1,,76,
454,Maurice Stovall\StovMa00,TAM,WR,23,5,0,0,0,0,0,0,0,0,,0,7,3,25,8.33,0,1,1,0,,,3,3.5,4.5,2.0,,162,
455,Ernest Wilford\WilfEr00,MIA,WR,29,7,0,0,0,0,0,0,0,0,,0,6,3,25,8.33,0,0,,0,,,3,5.5,5.5,4.0,,161,
456,Dan Campbell\CampDa00,DET,TE,32,1,0,0,0,0,0,0,0,0,,0,1,1,21,21.00,0,0,,0,,,2,3.1,3.1,2.6,,79,
457,Daniel Coats\CoatDa00,CIN,TE,24,16,4,0,0,0,0,0,0,0,,0,10,2,19,9.50,0,0,,0,,,2,3.9,3.9,2.9,,80,
458,Jameel Cook\CookJa00,TAM,RB,29,10,1,0,0,0,0,0,0,0,,0,5,3,24,8.00,0,0,,0,,,2,5.4,5.4,3.9,,154,
459,Fred Davis\DaviFr01,WAS,WR,22,11,2,0,0,0,0,0,1,-3,-3.00,0,10,3,27,9.00,0,0,,0,,,2,5.4,5.4,3.9,,165,
460,Jeff Dugan\DugaJe00,MIN,RB,27,9,2,0,0,0,0,0,4,7,1.75,0,2,2,12,6.00,0,0,,0,,,2,3.9,3.9,2.9,,156,
461,Pierre Garcon\GarcPi00,IND,WR,22,14,0,0,0,0,0,0,0,0,,0,4,4,23,5.75,0,0,,0,,,2,6.3,6.3,4.3,,166,
462,Chad Jackson\JackCh00,DEN,WR,23,4,0,0,0,0,0,0,0,0,,0,1,1,19,19.00,0,1,,0,,,2,2.9,2.9,2.4,,168,
463,Malcolm Kelly\KellMa01,WAS,WR,22,5,0,0,0,0,0,0,0,0,,0,11,3,18,6.00,0,0,,0,,,2,4.8,4.8,3.3,,170,
464,Luke McCown\McCoLu00,TAM,QB,27,2,0,0,1,0,0,0,3,15,5.00,0,0,0,0,,0,0,,0,,,2,1.5,1.5,1.5,,61,
465,Sean McHugh\McHuSe00,PIT,TE,26,15,3,0,0,0,0,0,0,0,,0,4,3,24,8.00,0,0,,0,,,2,5.4,5.4,3.9,,78,
466,Brandon Middleton\MiddBr00,DET,WR,27,8,0,0,0,0,0,0,0,0,,0,3,1,23,23.00,0,3,,0,,,2,3.3,3.3,2.8,,167,
467,Moran Norris\NorrMo00,DET,RB,30,11,8,0,0,0,0,0,1,1,1.00,0,7,4,16,4.00,0,0,,0,,,2,5.7,5.7,3.7,,158,
468,Martin Rucker\RuckMa00,CLE,TE,23,5,1,0,0,0,0,0,0,0,,0,6,2,17,8.50,0,0,,0,,,2,3.7,3.7,2.7,,81,
469,Sean Ryan\RyanSe00,3TM,TE,28,8,1,0,0,0,0,0,0,0,,0,5,3,15,5.00,0,0,,0,,,2,4.5,4.5,3.0,,82,
470,Steve Sanders\SandSt20,CLE,WR,26,5,0,0,0,0,0,0,0,0,,0,5,1,18,18.00,0,0,,0,,,2,2.8,2.8,2.3,,169,
471,Terrelle Smith\SmitTe00,ARI,RB,30,15,6,0,0,0,0,0,0,0,,0,6,2,24,12.00,0,0,,0,,,2,4.4,4.4,3.4,,155,
472,Stephen Spach\SpacSt00,2TM,WR,26,11,6,0,0,0,0,0,0,0,,0,6,2,15,7.50,0,0,,0,,,2,3.5,3.5,2.5,,171,
473,Isaiah Stanback\StanIs00,DAL,WR,24,8,0,0,0,0,0,0,0,0,,0,3,2,24,12.00,0,0,,0,,,2,4.4,4.4,3.4,,164,
474,Danny Ware\WareDa00,NYG,RB,23,6,0,0,0,0,0,0,2,15,7.50,0,0,0,0,,0,0,,0,,,2,1.5,1.5,1.5,,159,
475,Chauncey Washington\WashCh00,JAX,RB,23,6,0,0,0,0,0,0,4,9,2.25,0,1,1,9,9.00,0,0,,0,,,2,2.8,2.8,2.3,,157,
476,Charles Ali\AlixCh00,CLE,RB,24,15,4,0,0,0,0,0,0,0,,0,6,4,13,3.25,0,0,,0,,,1,5.3,5.3,3.3,,161,
477,Dallas Baker\BakeDa01,PIT,WR,26,8,0,0,0,0,0,0,0,0,,0,2,1,6,6.00,0,0,,0,,,1,1.6,1.6,1.1,,177,
478,Michael Bennett\BennMi00,2TM,RB,30,7,0,0,0,0,0,0,7,12,1.71,0,1,1,2,2.00,0,0,,0,,,1,2.4,2.4,1.9,,160,
479,Rock Cartwright\CartRo01,WAS,RB,29,16,0,0,0,0,0,0,5,14,2.80,0,1,1,-7,-7.00,0,0,,0,,,1,1.7,1.7,1.2,,168,
480,Tim Castille\CastTi20,ARI,RB,24,14,0,0,0,0,0,0,0,0,,0,4,4,11,2.75,0,0,,0,,,1,5.1,5.1,3.1,,164,
481,Jesse Chatman\ChatJe00,NYJ,RB,29,3,0,0,0,0,0,0,5,8,1.60,0,2,2,5,2.50,0,0,,0,,,1,3.3,3.3,2.3,,162,
482,Brian Clark\ClarBr00,TAM,WR,25,9,0,0,0,0,0,0,0,0,,0,2,1,12,12.00,0,0,,0,,,1,2.2,2.2,1.7,,173,
483,Jason Davis\DaviJa00,2TM,RB,25,6,3,0,0,0,0,0,1,0,0.00,0,3,1,12,12.00,0,0,,0,,,1,2.2,2.2,1.7,,163,
484,Ken Dorsey\DorsKe00,CLE,QB,27,4,3,43,91,370,0,7,2,0,0.00,0,0,0,0,,0,2,,0,,,1,0.8,10.8,7.8,,64,
485,Matt Flynn\FlynMa00,GNB,QB,23,7,0,2,5,6,0,0,4,4,1.00,0,0,0,0,,0,1,,0,,,1,0.6,0.6,0.6,,66,
486,Nick Goings\GoinNi00,CAR,RB,30,16,0,0,0,0,0,0,9,10,1.11,0,3,3,1,0.33,0,0,,0,,,1,4.1,4.1,2.6,,165,
487,Marques Hagans\HagaMa00,3TM,WR,26,6,0,1,1,5,0,0,1,2,2.00,0,2,1,7,7.00,0,0,,0,,,1,2.1,2.1,1.6,,174,
488,Roy Hall\HallRo02,IND,WR,25,4,0,0,0,0,0,0,0,0,,0,4,1,9,9.00,0,0,,0,,,1,1.9,1.9,1.4,,175,
489,Drew Henson\HensDr00,DET,QB,28,2,0,1,2,20,0,0,0,0,,0,0,0,0,,0,2,,0,,,1,0.8,0.8,0.8,,63,
490,Nate Lawrie\LawrNa00,CIN,TE,27,8,3,0,0,0,0,0,0,0,,0,4,2,11,5.50,0,0,,0,,,1,3.1,3.1,2.1,,84,
491,Brian Leonard\LeonBr00,STL,RB,24,2,0,0,0,0,0,0,2,7,3.50,0,0,0,0,,0,0,,0,,,1,0.7,0.7,0.7,,169,
492,Mario Manningham\MannMa01,NYG,WR,22,7,0,0,0,0,0,0,1,-12,-12.00,0,6,4,26,6.50,0,0,,0,,,1,5.4,5.4,3.4,,172,
493,Xavier Omon\OmonXa00,BUF,RB,23,2,0,0,0,0,0,0,6,5,0.83,0,0,0,0,,0,0,,0,,,1,0.5,0.5,0.5,,171,
494,Patrick Ramsey\RamsPa00,DEN,QB,29,1,0,2,3,19,0,0,0,0,,0,0,0,0,,0,1,1,0,,,1,-1.2,-0.2,-1.2,,65,
495,Antrel Rolle\RollAn20,ARI,RB,26,16,16,0,0,0,0,0,0,0,,0,1,1,9,9.00,0,0,,1,,,1,1.9,1.9,1.4,,166,
496,Matt Schobel\SchoMa00,PHI,TE,30,5,1,0,0,0,0,0,0,0,,0,3,2,10,5.00,0,0,,0,,,1,3.0,3.0,2.0,,85,
497,Olaniyi Sobomehin\SoboOl00,NOR,RB,24,1,0,0,0,0,0,0,0,0,,0,3,2,8,4.00,0,1,1,0,,,1,0.8,1.8,-0.2,,167,
498,Craig Stevens\StevCr00,TEN,TE,24,16,2,0,0,0,0,0,0,0,,0,2,1,9,9.00,0,0,,0,,,1,1.9,1.9,1.4,,86,
499,Jacob Tamme\TammJa00,IND,TE,23,12,0,0,0,0,0,0,0,0,,0,5,3,12,4.00,0,0,,0,,,1,4.2,4.2,2.7,,83,
500,Thomas Tapeh\TapeTh00,MIN,RB,28,2,1,0,0,0,0,0,0,0,,0,3,1,7,7.00,0,0,,0,,,1,1.7,1.7,1.2,,170,
501,Marques Tuiasosopo\TuiaMa00,OAK,QB,29,2,0,1,2,4,0,0,2,11,5.50,0,0,0,0,,0,2,,0,,,1,1.3,1.3,1.3,,62,
502,Paul Williams\WillPa00,TEN,WR,25,5,0,0,0,0,0,0,0,0,,0,3,1,7,7.00,0,0,,0,,,1,1.7,1.7,1.2,,176,
503,Gary Barnidge\BarnGa01,CAR,,23,15,0,0,0,0,0,0,0,0,,0,1,0,0,,0,0,,0,,,,,,,,100,
504,Jackie Battle\BattJa00,KAN,RB,25,9,0,0,0,0,0,0,0,0,,0,1,1,-2,-2.00,0,0,,0,,,,0.8,0.8,0.3,,186,
505,Drew Bennett\BennDr00,STL,WR,30,1,0,0,0,0,0,0,0,0,,0,1,1,4,4.00,0,0,,0,,,,1.4,1.4,0.9,,179,
506,Earl Bennett\BennEa00,CHI,,21,10,0,0,0,0,0,0,0,0,,0,1,0,0,,0,0,,0,,,,,,,,202,
507,Brock Berlin\BerlBr00,STL,QB,27,1,0,1,3,6,0,0,0,0,,0,0,0,0,,0,0,,0,,,,0.2,0.2,0.2,,69,
508,Cory Boyd\BoydCo01,DEN,,23,1,0,0,0,0,0,0,0,0,,0,,0,0,,0,0,,0,,,,,,,,181,
509,Mark Bruener\BrueMa00,HOU,,36,2,0,0,0,0,0,0,0,0,,0,,0,0,,0,0,,0,,,,,,,,91,
510,Mark Brunell\BrunMa00,NOR,,38,2,0,0,0,0,0,0,0,0,,0,,0,0,,0,0,,0,,,,,,,,70,
511,Brad Cieslak\CiesBr00,CLE,,26,1,0,0,0,0,0,0,0,0,,0,0,0,0,,0,0,,0,,,,,,,,98,
512,Alonzo Coleman\ColeAl21,DAL,,24,1,0,0,0,0,0,0,0,0,,0,,0,0,,0,0,,0,,,,,,,,184,
513,Terrance Copper\CoppTe00,2TM,,26,7,0,0,0,0,0,0,0,0,,0,2,0,0,,0,0,,0,,,,,,,,188,
514,Kellen Davis\DaviKe01,CHI,,23,16,0,0,0,0,0,0,0,0,,0,0,0,0,,0,0,,0,,,,,,,,90,
515,Clifton Dawson\DawsCl00,IND,,25,2,0,0,0,0,0,0,0,0,,0,,0,0,,0,0,,0,,,,,,,,180,
516,James Dearth\DearJa00,NYJ,,32,16,0,0,0,0,0,0,0,0,,0,,0,0,,0,0,,0,,,,,,,,88,
517,Tyson DeVree\DeVrTy20,NWE,,24,2,0,0,0,0,0,0,0,0,,0,1,0,0,,0,0,,0,,,,,,,,95,
518,Dennis Dixon\DixoDe00,PIT,QB,23,1,0,1,1,3,0,0,2,-3,-1.50,0,0,0,0,,0,0,,0,,,,-0.2,-0.2,-0.2,,71,
519,Reuben Droughns\DrouRe00,NYG,,30,12,0,0,0,0,0,0,0,0,,0,0,0,0,,0,0,,0,,,,,,,,178,
520,Justin Forsett\ForsJu00,2TM,,23,14,0,0,0,0,0,0,0,0,,0,0,0,0,,0,0,,0,,,,,,,,182,
521,Samkon Gado\GadoSa00,STL,RB,26,1,0,0,0,0,0,0,2,4,2.00,0,1,1,-1,-1.00,0,0,,0,,,,1.3,1.3,0.8,,172,
522,Skyler Green\GreeSk20,NOR,,24,2,0,0,0,0,0,0,0,0,,0,0,0,0,,0,1,1,0,,,,-2.0,-1.0,-2.0,,185,
523,Justin Hamilton\HamiJu20,WAS,,26,2,0,0,0,0,0,0,0,0,,0,,0,0,,0,0,,0,,,,,,,,175,
524,Lynell Hamilton\HamiLy20,NOR,,23,1,0,0,0,0,0,0,0,0,,0,,0,0,,0,0,,0,,,,,,,,176,
525,Clark Harris\HarrCl20,HOU,,24,4,0,0,0,0,0,0,0,0,,0,,0,0,,0,0,,0,,,,,,,,96,
526,Chris Henry\HenrCh01,TEN,RB,23,1,0,0,0,0,0,0,1,3,3.00,0,0,0,0,,0,0,,0,,,,0.3,0.3,0.3,,173,
527,Nathan Hodel\HodeNa20,ARI,,31,16,0,0,0,0,0,0,0,0,,0,,0,0,,0,0,,0,,,,,,,,97,
528,Sam Hurd\HurdSa00,DAL,,23,3,0,0,0,0,0,0,0,0,,0,0,0,0,,0,0,,0,,,,,,,,198,
529,Dexter Jackson\JackDe01,TAM,,22,7,0,0,0,0,0,0,0,0,,0,0,0,0,,0,1,,0,,,,,,,,192,
530,Darnell Jenkins\JenkDa20,HOU,,26,1,0,0,0,0,0,0,0,0,,0,,0,0,,0,0,,0,,,,,,,,196,
531,Justin Jenkins\JenkJu00,BUF,,28,13,0,0,0,0,0,0,0,0,,0,0,0,0,,0,0,,0,,,,,,,,200,
532,Adam Jennings\JennAd00,2TM,,26,14,0,0,0,0,0,0,0,0,,0,2,0,0,,0,4,3,0,,,,-6.0,-3.0,-6.0,,197,
533,Brian Jennings\JennBr00,SFO,,32,16,0,0,0,0,0,0,0,0,,0,0,0,0,,0,0,,0,,,,,,,,93,
534,Eddie Kennison\KennEd00,STL,,35,3,1,0,0,0,0,0,0,0,,0,2,0,0,,0,0,,0,,,,,,,,190,
535,Jordan Kent\KentJo20,SEA,,24,9,1,0,0,0,0,0,0,0,,0,7,0,0,,0,0,,0,,,,,,,,183,
536,David Kirtman\KirtDa00,SFO,,25,1,0,0,0,0,0,0,0,0,,0,,0,0,,0,0,,0,,,,,,,,179,
537,Dan Kreider\KreiDa00,STL,RB,31,11,4,0,0,0,0,0,1,0,0.00,0,5,0,0,,0,0,,0,,,,,,,,177,
538,Mike Leach\LeacMi00,DEN,,32,16,0,0,0,0,0,0,0,0,,0,,0,0,,0,0,,0,,,,,,,,105,
539,Cleo Lemon\LemoCl00,JAX,QB,29,2,0,0,2,0,0,0,2,-3,-1.50,0,0,0,0,,0,0,,0,,,,-0.3,-0.3,-0.3,,73,
540,Elbert Mack\MackEl20,TAM,,22,15,0,0,0,0,0,0,0,0,,0,0,0,0,,0,0,,0,,,,,,,,195,
541,John Madsen\MadsJo00,OAK,,25,4,0,0,0,0,0,0,0,0,,0,1,0,0,,0,0,,0,,,,,,,,187,
542,Josh McCown\McCoJo01,CAR,QB,29,2,0,0,0,0,0,0,4,-3,-0.75,0,0,0,0,,0,0,,0,,,,-0.3,-0.3,-0.3,,72,
543,Corey McIntyre\McInCo00,BUF,RB,29,11,2,0,0,0,0,0,0,0,,0,3,2,-1,-0.50,0,0,,0,,,,1.9,1.9,0.9,,185,
544,Sean Morey*\MoreSe00,ARI,,32,16,0,0,0,0,0,0,0,0,,0,0,0,0,,0,0,,0,,,,,,,,199,
545,Chad Mustard\MustCh00,DEN,,31,8,0,0,0,0,0,0,0,0,,0,0,0,0,,0,0,,0,,,,,,,,103,
546,Kevin O'Connell\OConKe00,NWE,QB,23,2,0,4,6,23,0,0,3,-6,-2.00,0,0,0,0,,0,0,,0,,,,0.3,0.3,0.3,,67,
547,Buck Ortega\OrteBu00,NOR,TE,27,11,1,0,0,0,0,0,0,0,,0,3,1,3,3.00,0,0,,0,,,,1.3,1.3,0.8,,87,
548,Kassim Osgood\OsgoKa00,SDG,,28,16,0,0,0,0,0,0,0,0,,0,0,0,0,,0,0,,0,,,,,,,,203,
549,Marcus Pollard\PollMa00,ATL,,36,1,0,0,0,0,0,0,0,0,,0,,0,0,,0,0,,0,,,,,,,,107,
550,Jeb Putzier\PutzJe00,2TM,,29,8,1,0,0,0,0,0,0,0,,0,4,0,0,,0,0,,0,,,,,,,,92,
551,Brandon Rideau\RideBr00,CHI,,26,2,0,0,0,0,0,0,0,0,,0,0,0,0,,0,0,,0,,,,,,,,193,
552,Jeff Robinson\RobiJe00,SEA,,38,16,0,0,0,0,0,0,0,0,,0,,0,0,,0,0,,0,,,,,,,,101,
553,Courtney Roby\RobyCo00,2TM,,25,6,0,0,0,0,0,0,0,0,,0,0,0,0,,0,0,,0,,,,,,,,186,
554,Cliff Russell\RussCl00,DEN,,29,2,0,0,0,0,0,0,0,0,,0,2,0,0,,0,0,,0,,,,,,,,201,
555,Cecil Sapp\SappCe00,HOU,RB,30,12,0,0,0,0,0,0,2,-3,-1.50,0,0,0,0,,0,0,,0,,,,-0.3,-0.3,-0.3,,187,
556,Chris Simms\SimmCh00,TEN,QB,28,1,0,1,2,7,0,0,0,0,,0,0,0,0,,0,0,,0,,,,0.3,0.3,0.3,,68,
557,Jerome Simpson\SimpJe00,CIN,WR,22,6,1,0,0,0,0,0,0,0,,0,3,1,2,2.00,0,0,,0,,,,1.2,1.2,0.7,,181,
558,Matthew Slater\SlatMa00,NWE,,23,14,0,0,0,0,0,0,0,0,,0,2,0,0,,0,2,1,0,,,,-2.0,-1.0,-2.0,,189,
559,Marcus Smith\SmitMa01,BAL,,23,7,0,0,0,0,0,0,0,0,,0,4,0,0,,0,0,,0,,,,,,,,194,
560,Justin Snow\SnowJu00,IND,,32,16,0,0,0,0,0,0,0,0,,0,,0,0,,0,0,,0,,,,,,,,94,
561,Brad St. Louis\StLoBr00,CIN,,32,16,0,0,0,0,0,0,0,0,,0,,0,0,,0,0,,0,,,,,,,,104,
562,Byron Storer\StorBy00,TAM,,24,6,3,0,0,0,0,0,0,0,,0,0,0,0,,0,0,,0,,,,,,,,183,
563,Darrell Strong\StroDa20,OAK,,22,1,0,0,0,0,0,0,0,0,,0,,0,0,,0,0,,0,,,,,,,,89,
564,Marcus Thomas\ThomMa01,2TM,,24,5,0,0,0,0,0,0,0,0,,0,0,0,0,,0,0,,0,,,,,,,,174,
565,Ben Troupe\TrouBe00,TAM,,26,2,0,0,0,0,0,0,0,0,,0,,0,0,,0,0,,0,,,,,,,,99,
566,Kelley Washington\WashKe00,NWE,WR,29,10,0,0,0,0,0,0,0,0,,0,2,1,3,3.00,0,0,,0,,,,1.3,1.3,0.8,,180,
567,Todd Watkins\WatkTo20,OAK,,25,8,0,0,0,0,0,0,0,0,,0,1,0,0,,0,0,,0,,,,,,,,204,
568,Eric Weems\WeemEr00,ATL,WR,23,6,0,0,0,0,0,0,0,0,,0,1,1,4,4.00,0,0,,0,,,,1.4,1.4,0.9,,178,
569,Ernie Wheelwright\WheeEr21,BAL,,24,3,0,0,0,0,0,0,0,0,,0,,0,0,,0,0,,0,,,,,,,,182,
570,George Wilson\WilsGe01,BUF,,27,16,3,0,0,0,0,0,0,0,,0,0,0,0,,0,0,,0,,,,,,,,184,
571,Kris Wilson\WilsKr00,SDG,,27,3,0,0,0,0,0,0,0,0,,0,,0,0,,0,0,,0,,,,,,,,106,
572,D'Juan Woods\WoodDJ20,JAX,,24,1,0,0,0,0,0,0,0,0,,0,,0,0,,0,0,,0,,,,,,,,205,
573,Wallace Wright\WrigWa00,NYJ,,24,16,0,0,0,0,0,0,0,0,,0,0,0,0,,0,0,,0,,,,,,,,191,
574,Joe Zelenka\ZeleJo00,JAX,,32,16,0,0,0,0,0,0,0,0,,0,,0,0,,0,0,,0,,,,,,,,102,
575,Kellen Clemens\ClemKe00,NYJ,QB,25,2,0,3,5,26,0,1,3,-3,-1.00,0,0,0,0,,0,0,,0,,,-1,-1.3,-0.3,-0.3,,74,
576,Kevin Kolb\KolbKe00,PHI,QB,24,6,0,17,34,144,0,4,13,2,0.15,0,0,0,0,,0,0,,0,,,-2,-2.0,2.0,2.0,,76,
577,Jordan Palmer\PalmJo20,CIN,QB,24,3,0,7,12,41,0,2,1,4,4.00,0,0,0,0,,0,0,,0,,,-2,-2.0,,,,75,
578,Bruce Gradkowski\GradBr00,CLE,QB,25,2,1,7,21,26,0,3,1,2,2.00,0,0,0,0,,0,0,,0,,,-5,-4.8,-1.8,-1.8,,77,