"Name","Pos","Age","Games","Pass_Comp","Pass_Att","Pass_Yards","Pass_TD","Pass_INT","Rush_Att","Rush_Yards","Rush_TD","Rec_Tgt","Rec_Comp","Rec_Yards","Rec_TD","Fum_Lost","2PT_Made","2PT_Pass","Fan_Pts","VBD","Pos_Rk"
"christian mccaffrey","RB","23","16","0","2","0","0","0","287","1387","15","142","116","1005","4","0","1","","355","215","1"
"lamar jackson","QB","22","15","265","401","3127","36","6","176","1206","7","0","0","0","0","2","","","416","152","1"
"derrick henry","RB","25","15","0","0","0","0","0","303","1540","16","24","18","206","2","3","","","277","136","2"
"aaron jones","RB","25","16","0","0","0","0","0","236","1084","16","68","49","474","3","2","","","266","125","3"
"ezekiel elliott","RB","24","16","0","0","0","0","0","301","1357","12","71","54","420","2","2","","","258","117","4"
"dalvin cook","RB","24","14","0","0","0","0","0","250","1135","13","63","53","519","0","2","","","239","99","5"
"michael thomas","WR","26","16","0","0","0","0","0","1","-9","0","185","149","1725","9","0","","","226","97","1"
"travis kelce","TE","30","16","0","0","0","0","0","1","4","1","136","97","1229","5","1","","","157","80","1"
"nick chubb","RB","24","16","0","0","0","0","0","298","1494","8","49","36","278","0","3","","","219","79","6"
"austin ekeler","RB","24","16","0","0","0","0","0","132","557","3","108","92","993","8","2","","","217","76","7"
"mark ingram","RB","30","15","0","0","0","0","0","202","1018","10","29","26","247","5","2","2","","217","76","8"
"dak prescott","QB","26","16","388","596","4902","30","11","52","277","3","0","0","0","0","2","","1","338","74","2"
"mark andrews","TE","23","15","0","0","0","0","0","0","0","0","98","64","852","10","1","","","143","66","2"
"russell wilson","QB","31","16","341","516","4110","31","5","75","342","3","0","0","0","0","2","","1","329","65","3"
"chris godwin","WR","23","14","0","0","0","0","0","1","8","0","121","86","1333","9","0","1","","190","61","2"
"george kittle","TE","26","14","0","0","0","0","0","5","22","0","107","85","1053","5","0","","","138","61","3"
"deshaun watson","QB","24","15","333","495","3852","26","12","82","413","7","1","1","6","1","3","","1","320","56","4"
"chris carson","RB","25","15","0","0","0","0","0","278","1230","7","47","37","266","2","4","","","196","55","9"
"darren waller","TE","27","16","0","0","0","0","0","2","5","0","117","90","1145","3","1","","","131","54","4"
"kenny golladay","WR","26","16","0","0","0","0","0","0","0","0","116","65","1190","11","1","","","183","54","3"
"saquon barkley","RB","22","13","0","0","0","0","0","217","1003","6","73","52","438","2","0","","","192","52","10"
"zach ertz","TE","29","15","0","0","0","0","0","0","0","0","135","88","916","6","1","1","","128","51","5"
"joe mixon","RB","23","16","0","0","0","0","0","278","1137","5","45","35","287","3","0","","","190","50","11"
"todd gurley","RB","25","15","0","0","0","0","0","223","857","12","49","31","207","2","2","1","","188","48","12"
"jared cook","TE","32","14","0","0","0","0","0","0","0","0","65","43","705","9","0","","","125","48","6"
"cooper kupp","WR","26","16","0","1","0","0","0","2","4","0","134","94","1161","10","0","","","177","47","4"
"julio jones","WR","30","15","0","0","0","0","0","2","-3","0","157","99","1394","6","0","","","175","46","5"
"devante parker","WR","26","16","0","0","0","0","0","0","0","0","128","72","1202","9","0","","","174","45","6"
"leonard fournette","RB","24","15","0","0","0","0","0","265","1152","3","100","76","522","0","1","","","183","43","13"
"jameis winston","QB","25","16","380","626","5109","33","30","59","250","1","0","0","0","0","5","2","2","305","42","5"
"austin hooper","TE","25","13","0","0","0","0","0","0","0","0","97","75","787","6","0","1","","117","40","7"
"amari cooper","WR","25","16","0","0","0","0","0","1","6","0","119","79","1189","8","0","","","168","38","7"
"mike evans","WR","26","13","0","0","0","0","0","0","0","0","118","67","1157","8","0","1","","166","37","8"
"a.j. brown","WR","22","16","0","0","0","0","0","3","60","1","84","52","1051","8","0","","","165","36","9"
"deandre hopkins","WR","27","15","1","2","6","1","1","2","18","0","150","104","1165","7","0","1","","165","35","10"
"josh jacobs","RB","21","13","0","0","0","0","0","242","1150","7","27","20","166","0","1","","","172","31","14"
"keenan allen","WR","27","16","0","0","0","0","0","3","16","0","149","104","1199","6","0","","","158","28","11"
"miles sanders","RB","22","16","0","0","0","0","0","179","818","3","63","50","509","3","1","1","","169","28","15"
"allen robinson","WR","26","16","0","0","0","0","0","1","2","0","154","98","1147","7","0","","","157","28","12"
"julian edelman","WR","33","16","2","2","47","1","0","8","27","0","153","100","1117","6","1","1","","156","27","13"
"alvin kamara","RB","24","14","1","1","13","0","0","171","797","5","97","81","533","1","1","","","168","27","16"
"marlon mack","RB","23","14","0","0","0","0","0","247","1091","8","17","14","82","0","0","1","","167","27","17"
"jarvis landry","WR","27","16","0","0","0","0","0","1","10","0","138","83","1174","6","0","","","154","25","14"
"josh allen","QB","23","16","271","461","3089","20","9","109","510","9","0","0","0","0","4","1","2","289","25","6"
"tyler lockett","WR","27","16","0","0","0","0","0","4","-5","0","110","82","1057","8","0","","","153","24","15"
"dj chark","WR","23","15","0","0","0","0","0","2","20","0","118","73","1008","8","0","1","","153","24","16"
"kenyan drake","RB","25","14","0","0","0","0","0","170","817","8","68","50","345","0","1","1","","164","24","18"
"patrick mahomes","QB","24","14","319","484","4031","26","5","43","218","2","0","0","0","0","2","","1","287","23","7"
"phillip lindsay","RB","25","16","0","0","0","0","0","224","1011","7","48","35","196","0","0","","","163","22","19"
"kyler murray","QB","22","16","349","542","3722","20","12","93","544","4","0","0","0","0","2","","3","285","22","8"
"courtland sutton","WR","24","16","1","1","38","0","0","3","17","0","124","72","1112","6","0","","","150","21","17"
"stefon diggs","WR","26","15","0","1","0","0","0","5","61","0","94","63","1130","6","3","","","149","20","18"
"john brown","WR","29","15","1","1","28","1","0","2","7","0","115","72","1060","6","0","","","148","19","19"
"hunter henry","TE","25","12","0","0","0","0","0","0","0","0","76","55","652","5","1","1","","95","18","8"
"michael gallup","WR","23","14","0","0","0","0","0","0","0","0","113","66","1107","6","0","","","147","18","20"
"aaron rodgers","QB","36","16","353","569","4002","26","4","46","183","1","0","0","0","0","4","1","2","278","15","9"
"tyler higbee","TE","26","15","0","0","0","0","0","0","0","0","89","69","734","3","0","","","91","15","9"
"d.j. moore","WR","22","15","0","0","0","0","0","6","40","0","135","87","1175","4","1","","","144","14","21"
"robert woods","WR","27","15","0","0","0","0","0","17","115","1","139","90","1134","2","0","","","143","14","22"
"carson wentz","QB","27","16","388","607","4039","27","7","62","243","1","0","0","0","0","7","","2","276","12","10"
"raheem mostert","RB","27","16","0","0","0","0","0","137","772","8","22","14","180","2","2","","","151","11","20"
"dallas goedert","TE","24","15","0","0","0","0","0","0","0","0","87","58","607","5","2","","","87","10","10"
"leveon bell","RB","27","15","0","0","0","0","0","245","789","3","78","66","461","1","1","1","","149","8","21"
"mike gesicki","TE","24","16","0","0","0","0","0","0","0","0","89","51","570","5","1","","","85","8","11"
"calvin ridley","WR","25","13","0","0","0","0","0","2","34","0","93","63","866","7","0","1","","134","5","23"
"david montgomery","RB","22","16","0","0","0","0","0","242","889","6","35","25","185","1","2","","","145","5","22"
"terry mclaurin","WR","24","14","0","0","0","0","0","0","0","0","93","58","919","7","0","","","134","5","24"
"tyler boyd","WR","25","16","0","0","0","0","0","4","23","0","148","90","1046","5","2","","","133","4","25"
"matt ryan","QB","34","15","408","616","4466","26","14","34","147","1","0","0","0","0","5","","1","267","4","11"
"deebo samuel","WR","23","15","0","0","0","0","0","14","159","3","81","57","802","3","1","1","","132","3","26"
"marvin jones","WR","29","13","0","0","0","0","0","2","0","0","91","62","779","9","0","","","132","3","27"
"carlos hyde","RB","29","16","0","0","0","0","0","245","1070","6","16","10","42","0","2","","","143","3","23"
"tyreek hill","WR","25","12","0","0","0","0","0","8","23","0","89","58","860","7","0","","","130","1","28"
"davante adams","WR","27","12","0","0","0","0","0","0","0","0","127","83","997","5","1","1","","130","1","29"
"sony michel","RB","24","16","0","0","0","0","0","247","912","7","20","12","94","0","1","","","141","","24"
"tom brady","QB","42","16","373","613","4057","24","8","26","34","3","0","0","0","0","1","","1","264","","12"
"jason witten","TE","37","16","0","0","0","0","0","0","0","0","83","63","529","4","1","1","","77","","12"
"michael burton","","27","10","0","0","0","0","0","0","0","0","1","0","0","0","0","","","","","1"
"jared goff","QB","25","16","394","626","4638","22","16","33","40","2","0","0","0","0","5","","","248","","13"
"jimmy garoppolo","QB","28","16","329","476","3978","27","13","46","62","1","0","0","0","0","5","","2","247","","14"
"derek carr","QB","28","16","361","513","4054","21","8","27","82","2","0","0","0","0","3","","","244","","16"
"kirk cousins","QB","31","15","307","444","3603","26","6","31","63","1","1","0","0","0","3","","1","244","","15"
"ryan fitzpatrick","QB","37","15","311","502","3529","20","13","54","243","4","0","0","0","0","2","","1","241","","17"
"philip rivers","QB","38","16","390","591","4615","23","20","12","29","0","0","0","0","0","3","","1","236","","18"
"baker mayfield","QB","24","16","317","534","3827","22","21","28","141","3","0","0","0","0","2","","1","229","","20"
"gardner minshew","QB","23","14","285","470","3271","21","6","67","344","0","0","0","0","0","7","","3","229","","19"
"drew brees","QB","40","11","281","378","2979","27","4","9","-4","1","0","0","0","0","0","","","225","","21"
"ryan tannehill","QB","31","12","201","286","2742","22","6","43","185","4","0","0","0","0","3","1","","224","","22"
"jacoby brissett","QB","27","15","272","447","2942","18","6","56","228","4","1","1","2","0","5","","1","217","","23"
"daniel jones","QB","22","13","284","459","3027","24","12","45","279","2","0","0","0","0","11","","2","215","","24"
"andy dalton","QB","32","13","314","528","3494","16","14","32","73","4","1","1","-4","0","4","1","1","203","","26"
"mitchell trubisky","QB","25","15","326","516","3138","17","10","48","193","2","0","0","0","0","2","","1","203","","25"
"sam darnold","QB","22","13","273","441","3024","19","13","33","62","2","0","0","0","0","3","","3","189","","27"
"kyle allen","QB","23","13","303","489","3322","17","16","32","106","2","0","0","0","0","7","","","177","","28"
"matthew stafford","QB","31","8","187","291","2499","19","5","20","66","0","0","0","0","0","3","","","167","","29"
"devonta freeman","RB","27","14","0","0","0","0","0","184","656","2","70","59","410","4","2","","","139","","26"
"melvin gordon","RB","26","12","0","0","0","0","0","162","612","8","55","42","296","1","3","","","139","","25"
"ronald jones","RB","22","16","0","0","0","0","0","172","724","6","40","31","309","0","2","","","135","","27"
"adrian peterson","RB","34","15","0","0","0","0","0","211","898","5","23","17","142","0","2","","","130","","28"
"d.k. metcalf","WR","22","16","0","0","0","0","0","2","11","0","100","58","900","7","3","1","","129","","30"
"james white","RB","27","15","1","1","35","0","0","67","263","1","95","72","645","5","1","1","","128","","29"
"odell beckham","WR","27","16","1","2","20","0","0","3","10","0","133","74","1035","4","1","","","127","","31"
"emmanuel sanders","WR","32","17","1","1","35","1","0","0","0","0","97","66","869","5","0","1","","124","","32"
"latavius murray","RB","29","16","0","0","0","0","0","146","637","5","43","34","235","1","0","","","123","","30"
"darius slayton","WR","22","14","0","0","0","0","0","0","0","0","84","48","740","8","0","","","122","","33"
"jamison crowder","WR","26","16","0","0","0","0","0","1","4","0","122","78","833","6","0","","","120","","34"
"devin singletary","RB","22","12","0","0","0","0","0","151","775","2","41","29","194","2","1","","","119","","31"
"cole beasley","WR","30","15","0","0","0","0","0","0","0","0","106","67","778","6","0","2","","118","","35"
"curtis samuel","WR","23","16","0","0","0","0","0","19","130","1","105","54","627","6","0","","","118","","36"
"tevin coleman","RB","26","14","0","0","0","0","0","137","544","6","30","21","180","1","0","","","114","","32"
"james conner","RB","24","10","0","0","0","0","0","116","464","4","38","34","251","3","1","","","112","","33"
"mike williams","WR","25","15","0","0","0","0","0","1","2","0","90","49","1001","2","0","","","112","","37"
"damien williams","RB","27","11","0","0","0","0","0","111","498","5","37","30","213","2","1","","","111","","34"
"robby anderson","WR","26","16","0","0","0","0","0","1","4","0","96","52","779","5","0","1","","110","","38"
"chris conley","WR","27","16","0","0","0","0","0","0","0","0","90","47","775","5","0","1","","110","","39"
"duke johnson","RB","26","16","0","0","0","0","0","83","410","2","62","44","410","3","1","","","110","","35"
"mason rudolph","QB","24","10","176","283","1765","13","9","21","42","0","0","0","0","0","0","","","109","","30"
"jamaal williams","RB","24","14","0","0","0","0","0","107","460","1","45","39","253","5","0","","","107","","36"
"david johnson","RB","28","13","0","0","0","0","0","94","345","2","47","36","370","4","1","","","106","","37"
"diontae johnson","WR","23","16","0","0","0","0","0","4","41","0","92","59","680","5","2","","","104","","40"
"case keenum","QB","31","10","160","247","1707","11","5","9","12","1","0","0","0","0","3","","","103","","31"
"golden tate","WR","31","11","0","0","0","0","0","1","16","0","85","49","676","6","1","","","103","","41"
"larry fitzgerald","WR","36","16","0","0","0","0","0","0","0","0","109","75","804","4","1","","","102","","42"
"breshad perriman","WR","26","14","0","0","0","0","0","2","16","0","69","36","645","6","0","","","102","","43"
"peyton barber","RB","25","16","0","0","0","0","0","154","470","6","24","16","115","1","1","1","","101","","39"
"jordan howard","RB","25","10","0","0","0","0","0","119","525","6","14","10","69","1","0","","","101","","38"
"tyrell williams","WR","27","14","0","0","0","0","0","0","0","0","64","42","651","6","0","","","101","","44"
"marquise brown","WR","22","14","0","0","0","0","0","0","0","0","71","46","584","7","0","","","100","","45"
"randall cobb","WR","29","15","0","1","0","0","0","3","11","0","83","55","828","3","1","","","100","","47"
"christian kirk","WR","23","13","0","0","0","0","0","10","93","0","108","68","709","3","0","1","","100","","46"
"royce freeman","RB","23","16","0","0","0","0","0","132","496","3","50","43","256","1","0","","","99","","40"
"mecole hardman","WR","21","16","0","0","0","0","0","4","17","0","41","26","538","6","2","","","94","","49"
"zach pascal","WR","25","16","0","1","0","0","0","2","16","0","72","41","607","5","0","1","","94","","48"
"lesean mccoy","RB","31","13","0","0","0","0","0","101","465","4","34","28","181","1","2","","","91","","41"
"dede westbrook","WR","26","15","0","0","0","0","0","5","27","0","101","66","660","3","0","2","","91","","50"
"teddy bridgewater","QB","27","9","133","196","1384","9","2","28","31","0","0","0","0","0","0","","","90","","32"
"james washington","WR","23","15","0","0","0","0","0","0","0","0","80","44","735","3","1","","","90","","51"
"sammy watkins","WR","26","14","0","0","0","0","0","2","12","0","90","52","673","3","1","1","","87","","52"
"gus edwards","RB","24","16","0","0","0","0","0","133","711","2","7","7","45","0","1","","","86","","43"
"deandre washington","RB","26","16","0","0","0","0","0","108","387","3","41","36","292","0","0","","","86","","42"
"tarik cohen","RB","24","16","0","0","0","0","0","64","213","0","104","79","456","3","0","","","85","","44"
"joe flacco","QB","34","8","171","262","1822","6","5","12","20","0","0","0","0","0","3","","1","85","","34"
"will fuller","WR","25","11","0","0","0","0","0","0","0","0","71","49","670","3","0","","","85","","53"
"marcus mariota","QB","26","7","95","160","1203","7","2","24","129","0","0","0","0","0","0","","","85","","33"
"hunter renfrow","WR","24","13","0","0","0","0","0","0","0","0","71","49","605","4","0","","","85","","55"
"sterling shepard","WR","26","10","0","0","0","0","0","6","72","0","83","57","576","3","0","1","","85","","54"
"matt breida","RB","24","13","0","0","0","0","0","123","623","1","22","19","120","1","1","","","84","","45"
"adam thielen","WR","29","10","0","0","0","0","0","4","6","1","48","30","418","6","0","","","84","","56"
"taysom hill","QB","29","16","3","6","55","0","0","27","156","1","22","19","234","6","0","","","83","","35"
"frank gore","RB","36","16","0","0","0","0","0","166","599","2","16","13","100","0","0","","","82","","46"
"t.y. hilton","WR","30","10","0","0","0","0","0","0","0","0","68","45","501","5","0","","","80","","57"
"kenny stills","WR","27","13","0","0","0","0","0","0","0","0","55","40","561","4","0","","","80","","58"
"danny amendola","WR","34","15","1","1","19","1","0","0","0","0","97","62","678","1","0","","","79","","60"
"alshon jeffery","WR","29","10","0","0","0","0","0","1","2","1","73","43","490","4","0","","","79","","59"
"dwayne haskins","QB","22","9","119","203","1365","7","7","20","101","0","0","0","0","0","2","","1","77","","36"
"brandin cooks","WR","26","14","0","0","0","0","0","6","52","0","72","42","583","2","0","","","76","","62"
"darren fells","TE","33","16","0","0","0","0","0","0","0","0","48","34","341","7","0","","","76","","13"
"anthony miller","WR","25","16","0","0","0","0","0","1","-1","0","85","52","656","2","1","","","76","","63"
"steven sims","WR","22","16","0","1","0","0","0","9","85","1","56","34","310","4","0","","","76","","61"
"kerryon johnson","RB","22","8","0","0","0","0","0","113","403","3","15","10","127","1","1","","","75","","47"
"kyle rudolph","TE","30","16","0","0","0","0","0","0","0","0","48","39","367","6","0","1","","75","","14"
"rex burkhead","RB","29","13","0","0","0","0","0","65","302","3","38","27","279","0","1","","","74","","49"
"nyheim hines","RB","23","16","0","0","0","0","0","52","199","2","58","44","320","0","1","","","74","","50"
"tony pollard","RB","22","15","0","0","0","0","0","86","455","2","20","15","107","1","1","1","","74","","48"
"boston scott","RB","24","11","0","0","0","0","0","61","245","5","26","24","204","0","1","","","73","","51"
"corey davis","WR","24","15","0","0","0","0","0","0","0","0","69","43","601","2","0","","","72","","64"
"phillip dorsett","WR","26","14","0","0","0","0","0","3","21","0","54","29","397","5","0","","","72","","65"
"greg olsen","TE","34","14","0","0","0","0","0","0","0","0","82","52","597","2","0","","","72","","15"
"chase edmonds","RB","23","13","0","0","0","0","0","60","303","4","21","12","105","1","0","","","71","","52"
"noah fant","TE","22","16","0","0","0","0","0","3","-12","0","66","40","562","3","1","","","71","","16"
"juju smith-schuster","WR","23","12","0","0","0","0","0","0","0","0","70","42","552","3","1","","","71","","66"
"jonnu smith","TE","24","16","0","0","0","0","0","4","78","0","44","35","439","3","0","","","70","","17"
"jack doyle","TE","29","16","0","0","0","0","0","0","0","0","72","43","448","4","0","","","69","","18"
"demarcus robinson","WR","25","16","0","0","0","0","0","0","0","0","55","32","449","4","0","","","69","","67"
"kendrick bourne","WR","24","16","0","0","0","0","0","0","0","0","44","30","358","5","0","1","","68","","69"
"allen lazard","WR","24","16","0","0","0","0","0","1","21","0","52","35","477","3","0","","","68","","68"
"drew lock","QB","23","5","100","156","1020","7","3","18","72","0","0","0","0","0","1","","","68","","37"
"rashaad penny","RB","23","10","0","0","0","0","0","65","370","3","11","8","83","1","1","","","67","","53"
"john ross","WR","25","8","0","0","0","0","0","3","4","0","56","28","506","3","1","","","67","","70"
"evan engram","TE","25","8","0","0","0","0","0","3","7","0","68","44","467","3","0","","","65","","19"
"mohamed sanu","WR","30","15","0","0","0","0","0","3","11","0","89","59","520","2","0","","","65","","71"
"tyler eifert","TE","29","16","0","0","0","0","0","0","0","0","63","43","436","3","0","1","","64","","21"
"ryan griffin","TE","29","13","0","0","0","0","0","0","0","0","41","34","320","5","0","1","","64","","20"
"kareem hunt","RB","24","8","0","0","0","0","0","43","179","2","44","37","285","1","0","","","64","","54"
"willie snead","WR","27","16","0","0","0","0","0","2","2","0","46","31","339","5","0","","","64","","72"
"jimmy graham","TE","33","16","0","0","0","0","0","0","0","0","60","38","447","3","0","","","63","","22"
"auden tate","WR","22","12","0","0","0","0","0","0","0","0","80","40","575","1","1","","","62","","73"
"taylor gabriel","WR","28","9","0","0","0","0","0","3","20","0","48","29","353","4","0","","","61","","74"
"preston williams","WR","22","8","0","0","0","0","0","0","0","0","60","32","428","3","1","","","59","","75"
"alexander mattison","RB","21","13","0","0","0","0","0","100","462","1","12","10","82","0","1","","","58","","55"
"marquez valdes-scantling","WR","25","16","0","0","0","0","0","2","9","0","56","26","452","2","0","","","58","","76"
"malcolm brown","RB","26","14","0","0","0","0","0","69","255","5","6","2","16","0","0","","","57","","58"
"jeff driskel","QB","26","3","62","105","685","4","4","22","151","1","1","1","6","0","0","","","57","","38"
"brian hill","RB","24","12","0","0","0","0","0","78","323","2","14","10","69","1","0","","","57","","57"
"jaylen samuels","RB","23","14","4","5","35","0","1","66","175","1","57","47","305","1","1","","","57","","56"
"tajae sharpe","WR","25","15","0","0","0","0","0","0","0","0","35","25","329","4","0","","","57","","77"
"eric ebron","TE","26","11","0","0","0","0","0","0","0","0","52","31","375","3","0","","","56","","23"
"ted ginn","WR","34","16","0","0","0","0","0","3","18","0","56","30","421","2","0","","","56","","78"
"nelson agholor","WR","26","11","0","0","0","0","0","2","7","0","69","39","363","3","1","1","","55","","79"
"cameron brate","TE","28","16","0","0","0","0","0","0","0","0","55","36","311","4","0","","","55","","24"
"keelan cole","WR","26","16","0","0","0","0","0","1","6","0","35","24","361","3","0","","","55","","80"
"blake jarwin","TE","25","16","0","0","0","0","0","0","0","0","41","31","365","3","0","","","55","","25"
"benny snell","RB","21","13","0","0","0","0","0","108","426","2","4","3","23","0","1","","","55","","59"
"jordan akins","TE","27","16","0","0","0","0","0","0","0","0","55","36","418","2","0","","","54","","26"
"david blough","QB","24","5","94","174","984","4","6","8","31","0","1","1","19","1","0","","","54","","40"
"eli manning","QB","38","4","91","147","1042","6","5","4","7","0","0","0","0","0","1","","","54","","39"
"alex erickson","WR","27","16","1","1","26","0","0","5","33","0","78","43","529","0","2","","","53","","82"
"gerald everett","TE","25","13","0","0","0","0","0","1","0","0","60","37","408","2","0","","","53","","28"
"jacob hollister","TE","26","11","0","0","0","0","0","0","0","0","59","41","349","3","0","","","53","","27"
"trequan smith","WR","23","11","0","0","0","0","0","0","0","0","25","18","234","5","0","","","53","","81"
"darrel williams","RB","24","12","0","0","0","0","0","41","141","3","19","15","167","1","1","","","53","","60"
"allen hurns","WR","28","14","0","0","0","0","0","0","0","0","47","32","416","2","1","","","52","","83"
"dawson knox","TE","23","15","0","0","0","0","0","1","9","0","50","28","388","2","0","","","52","","29"
"chris thompson","RB","29","11","0","0","0","0","0","37","138","0","58","42","378","0","0","","","52","","61"
"will dissly","TE","23","6","0","0","0","0","0","1","7","0","27","23","262","4","0","","","51","","30"
"devlin hodges","QB","23","8","100","160","1063","5","8","21","68","0","0","0","0","0","1","","","51","","41"
"russell gage","WR","23","16","0","0","0","0","0","4","12","0","74","49","446","1","1","","","50","","84"
"derrius guice","RB","22","5","0","0","0","0","0","42","245","2","9","7","79","1","0","","","50","","62"
"o.j. howard","TE","25","14","0","0","0","0","0","0","0","0","53","34","459","1","1","","","50","","31"
"adam humphries","WR","26","12","0","0","0","0","0","1","1","0","47","37","374","2","0","","","50","","85"
"j.d. mckissic","RB","26","16","0","0","0","0","0","38","205","0","42","34","233","1","0","","","50","","63"
"t.j. hockenson","TE","22","12","0","0","0","0","0","0","0","0","59","32","367","2","0","","","49","","32"
"demaryius thomas","WR","32","11","0","0","0","0","0","0","0","0","58","36","433","1","0","","","49","","86"
"olabisi johnson","WR","22","16","0","0","0","0","0","1","6","0","45","31","294","3","0","","","48","","87"
"mike boone","RB","24","16","0","0","0","0","0","49","273","3","4","3","17","0","0","","","47","","65"
"josh gordon","WR","28","11","0","1","0","0","1","1","1","0","47","27","426","1","0","","","47","","88"
"hayden hurst","TE","26","16","0","0","0","0","0","0","0","0","39","30","349","2","0","","","47","","34"
"foster moreau","TE","22","13","0","0","0","0","0","0","0","0","25","21","174","5","0","","","47","","33"
"jalen richard","RB","26","16","0","0","0","0","0","39","145","0","43","36","323","0","0","","","47","","66"
"jordan wilkins","RB","25","14","0","0","0","0","0","51","307","2","11","7","43","0","0","","","47","","64"
"vance mcdonald","TE","29","14","0","0","0","0","0","1","2","0","55","38","273","3","0","","","46","","35"
"albert wilson","WR","27","13","1","2","20","0","0","5","45","0","62","43","351","1","0","","","46","","89"
"patrick laird","RB","24","15","0","0","0","0","0","62","168","1","30","23","204","0","0","1","","45","","67"
"ricky seals-jones","TE","24","14","0","0","0","0","0","0","0","0","22","14","229","4","1","","","45","","36"
"kaden smith","TE","22","9","0","0","0","0","0","0","0","0","42","31","268","3","0","","","45","","37"
"nick boyle","TE","26","16","0","0","0","0","0","0","0","0","43","31","321","2","0","","","44","","38"
"jeff wilson","RB","24","10","0","0","0","0","0","27","105","4","5","3","34","1","0","","","44","","68"
"david moore","WR","24","14","0","0","0","0","0","3","25","0","34","17","301","2","1","","","43","","90"
"irv smith","TE","21","16","0","0","0","0","0","0","0","0","47","36","311","2","0","","","43","","39"
"brandon bolden","RB","29","15","0","0","0","0","0","15","68","3","11","9","111","1","0","","","42","","70"
"justice hill","RB","22","16","0","0","0","0","0","58","225","2","15","8","70","0","0","","","42","","71"
"cody latimer","WR","27","15","0","0","0","0","0","0","0","0","42","24","300","2","0","","","42","","91"
"matt moore","QB","35","6","59","91","659","4","0","5","-1","0","0","0","0","0","0","","","42","","42"
"bo scarbrough","RB","23","6","0","0","0","0","0","89","377","1","4","1","5","0","1","","","42","","69"
"geronimo allison","WR","25","16","0","0","0","0","0","1","7","0","55","34","287","2","1","1","","41","","92"
"josh hill","TE","29","16","0","0","0","0","0","0","0","0","35","25","226","3","0","","","41","","40"
"dion lewis","RB","29","16","0","0","0","0","0","54","209","0","32","25","164","1","1","","","41","","72"
"josh reynolds","WR","24","16","0","0","0","0","0","5","23","0","43","21","326","1","0","","","41","","93"
"damiere byrd","WR","26","11","0","0","0","0","0","0","0","0","46","32","359","1","1","","","40","","94"
"marcus johnson","WR","25","8","0","0","0","0","0","0","0","0","33","17","277","2","0","","","40","","95"
"dare ogunbowale","RB","25","16","0","0","0","0","0","11","17","2","46","35","286","0","1","","","40","","73"
"seth roberts","WR","28","16","0","0","0","0","0","0","0","0","35","21","271","2","0","","","39","","96"
"kalen ballage","RB","24","12","0","0","0","0","0","74","135","3","24","14","63","0","0","","","38","","75"
"giovani bernard","RB","28","16","0","0","0","0","0","53","170","0","43","30","234","0","1","","","38","","74"
"miles boykin","WR","23","16","0","0","0","0","0","0","0","0","22","13","198","3","0","","","38","","97"
"nick foles","QB","30","4","77","117","736","3","2","4","23","0","0","0","0","0","2","","1","38","","43"
"ryquell armstead","RB","23","16","0","0","0","0","0","35","108","0","24","14","144","2","0","","","37","","76"
"wayne gallman","RB","25","10","0","0","0","0","0","29","110","2","15","11","102","1","1","","","37","","77"
"kelvin harmon","WR","23","16","1","1","11","0","0","0","0","0","44","30","365","0","0","","","37","","98"
"paul richardson","WR","27","10","0","0","0","0","0","1","0","0","42","28","245","2","0","","","37","","99"
"daesean hamilton","WR","24","16","0","0","0","0","0","0","0","0","52","28","297","1","0","","","36","","102"
"ty johnson","RB","22","16","0","0","0","0","0","63","273","0","31","24","109","0","1","","","36","","78"
"isaiah mckenzie","WR","24","15","0","0","0","0","0","8","49","0","39","27","254","1","0","","","36","","100"
"jakobi meyers","WR","23","15","0","0","0","0","0","0","0","0","41","26","359","0","0","","","36","","101"
"c.j. uzomah","TE","26","16","0","0","0","0","0","0","0","0","40","27","242","2","0","","","36","","41"
"demetrius harris","TE","28","15","0","0","0","0","0","0","0","0","27","15","149","3","0","1","","35","","42"
"jonathan williams","RB","25","9","0","0","0","0","0","49","235","1","5","5","59","0","0","","","35","","79"
"tavon austin","WR","29","14","0","0","0","0","0","6","47","1","24","13","177","1","0","","","34","","103"
"delanie walker","TE","35","7","0","0","0","0","0","0","0","0","31","21","215","2","0","","","34","","43"
"brandon allen","QB","27","3","39","84","515","3","2","10","39","0","0","0","0","0","0","","","33","","45"
"marvin hall","WR","26","9","0","0","0","0","0","1","7","0","11","7","261","1","0","","","33","","104"
"matt schaub","QB","38","6","50","67","580","3","1","3","-3","0","0","0","0","0","1","","1","33","","44"
"jaron brown","WR","29","14","0","0","0","0","0","0","0","0","28","16","220","2","1","","","32","","105"
"vyncint smith","WR","23","13","0","0","0","0","0","3","52","1","31","17","225","0","1","","","32","","107"
"greg ward","WR","24","7","0","0","0","0","0","1","5","0","40","28","254","1","0","","","32","","106"
"pharoh cooper","WR","24","13","0","0","0","0","0","1","2","0","33","25","243","1","0","","","31","","109"
"keke coutee","WR","22","9","0","0","0","0","0","2","14","1","36","22","254","0","1","","","31","","108"
"kyle juszczyk","RB","28","12","0","0","0","0","0","3","7","0","24","20","239","1","0","","","31","","80"
"malik turner","WR","23","15","0","0","0","0","0","0","0","0","22","15","245","1","0","","","31","","110"
"charles clay","TE","30","15","0","0","0","0","0","0","0","0","24","18","237","1","0","","","30","","45"
"qadree ollison","RB","23","8","0","0","0","0","0","22","50","4","2","1","7","0","0","","","30","","81"
"chester rogers","WR","25","12","0","0","0","0","0","1","18","0","28","16","179","2","1","","","30","","111"
"jeremy sprinkle","TE","25","16","0","0","0","0","0","0","0","0","40","26","241","1","0","","","30","","44"
"jarius wright","WR","30","16","0","0","0","0","0","1","-7","0","58","28","296","0","0","","","29","","112"
"desean jackson","WR","33","3","0","0","0","0","0","0","0","0","10","9","159","2","0","","","28","","113"
"jake kumerow","WR","27","14","0","0","0","0","0","0","0","0","21","12","219","1","0","","","28","","115"
"scott miller","WR","22","10","0","0","0","0","0","2","16","0","26","13","200","1","0","","","28","","116"
"justin watson","WR","24","16","0","0","0","0","0","0","0","0","26","15","159","2","0","","","28","","114"
"jakeem grant","WR","27","10","0","0","0","0","0","4","5","1","33","19","164","0","1","","","27","","118"
"nkeal harry","WR","22","7","0","0","0","0","0","5","49","0","24","12","105","2","0","","","27","","117"
"james oshaughnessy","TE","27","5","0","0","0","0","0","0","0","0","20","14","153","2","0","","","27","","46"
"mark walton","RB","22","7","0","0","0","0","0","53","201","0","21","15","89","0","1","","","27","","82"
"chase daniel","QB","33","3","45","64","435","3","2","6","6","0","0","0","0","0","0","","","26","","46"
"anthony firkser","TE","24","15","0","0","0","0","0","0","0","0","24","14","204","1","0","","","26","","47"
"isaiah ford","WR","23","8","0","0","0","0","0","1","11","0","35","23","244","0","0","","","26","","123"
"marquise goodwin","WR","29","9","0","0","0","0","0","1","15","0","21","12","186","1","0","","","26","","120"
"dontrell hilliard","RB","24","14","0","0","0","0","0","13","49","2","15","12","92","0","0","","","26","","84"
"andy isabella","WR","23","15","0","0","0","0","0","4","15","0","13","9","189","1","0","","","26","","119"
"bilal powell","RB","31","13","0","1","0","0","0","59","229","0","12","7","33","0","0","","","26","","83"
"trey quinn","WR","24","12","0","0","0","0","0","0","0","0","47","26","198","1","1","1","","26","","122"
"damion ratley","WR","24","13","0","0","0","0","0","0","0","0","24","12","200","1","0","","","26","","121"
"maxx williams","TE","25","16","0","0","0","0","0","0","0","0","19","15","202","1","0","","","26","","48"
"dan arnold","TE","24","5","0","0","0","0","0","0","0","0","14","8","127","2","0","","","25","","49"
"ryan finley","QB","25","3","41","87","474","2","2","10","77","0","0","0","0","0","3","","","25","","47"
"keesean johnson","WR","23","10","0","0","0","0","0","1","3","0","42","21","187","1","1","1","","25","","124"
"cordarrelle patterson","WR","28","16","0","0","0","0","0","17","103","0","17","11","83","0","0","","","25","","125"
"ito smith","RB","24","7","0","0","0","0","0","22","106","1","14","11","87","0","0","","","25","","85"
"javon wims","WR","25","16","0","0","0","0","0","0","0","0","39","18","186","1","0","","","25","","126"
"ameer abdullah","RB","26","16","0","0","0","0","0","23","115","0","21","15","88","1","1","","","24","","87"
"myles gaskin","RB","22","7","0","0","0","0","0","36","133","1","12","7","51","0","0","","","24","","86"
"dante pettis","WR","24","11","1","1","16","0","0","0","0","0","24","11","109","2","0","","","24","","128"
"laquon treadwell","WR","24","13","0","0","0","0","0","0","0","0","16","9","184","1","0","","","24","","127"
"olamide zaccheaus","WR","22","10","0","0","0","0","0","0","0","0","5","3","115","1","0","","","24","","129"
"jj arcega-whiteside","WR","23","16","0","0","0","0","0","0","0","0","22","10","169","1","0","","","23","","132"
"reggie bonnafon","RB","23","16","0","0","0","0","0","16","116","1","9","6","57","0","0","","","23","","88"
"rhett ellison","TE","31","10","0","0","0","0","0","0","0","0","28","18","167","1","0","","","23","","51"
"bennie fowler","WR","28","8","0","0","0","0","0","1","20","0","36","23","193","0","0","1","","23","","130"
"byron pringle","WR","26","16","0","0","0","0","0","0","0","0","16","12","170","1","0","","","23","","131"
"darwin thompson","RB","23","12","0","0","0","0","0","37","128","1","10","9","43","0","0","","","23","","89"
"logan thomas","TE","28","16","0","0","0","0","0","0","0","0","28","16","173","1","0","","","23","","50"
"duke williams","WR","26","4","0","0","0","0","0","0","0","0","19","12","166","1","0","","","23","","133"
"justin jackson","RB","24","7","0","0","0","0","0","29","200","0","11","9","22","0","0","","","22","","90"
"zay jones","WR","24","15","0","0","0","0","0","1","3","0","45","27","216","0","0","","","22","","134"
"marcedes lewis","TE","35","16","0","0","0","0","0","0","0","0","19","15","156","1","0","","","22","","52"
"tim patrick","WR","26","8","0","0","0","0","0","0","0","0","31","16","218","0","0","","","22","","135"
"ross dwelley","TE","24","16","0","0","0","0","0","0","0","0","22","15","91","2","0","","","21","","53"
"jaeden graham","TE","24","16","0","0","0","0","0","0","0","0","10","9","149","1","0","","","21","","54"
"c.j. ham","RB","26","16","0","0","0","0","0","7","17","0","26","17","149","1","1","","","21","","91"
"brian hoyer","QB","34","4","35","65","372","4","4","8","2","0","0","0","0","0","1","","","21","","48"
"kalif raymond","WR","25","8","0","0","0","0","0","1","-5","0","12","9","170","1","1","","","21","","136"
"parris campbell","WR","22","7","0","0","0","0","0","4","34","0","24","18","127","1","1","","","20","","139"
"derek carrier","TE","29","16","0","0","0","0","0","1","27","0","19","13","108","1","0","","","20","","56"
"trevor davis","WR","26","14","0","0","0","0","0","4","73","1","11","8","111","0","2","","","20","","137"
"justin hardy","WR","28","16","0","0","0","0","0","0","0","0","26","19","195","0","0","","","20","","140"
"richie james","WR","24","16","0","0","0","0","0","2","-1","0","10","6","165","1","1","","","20","","138"
"ian thomas","TE","23","16","0","0","0","0","0","0","0","0","30","16","136","1","0","","","20","","55"
"matt lacosse","TE","27","11","0","0","0","0","0","0","0","0","19","13","131","1","0","","","19","","57"
"ty montgomery","RB","26","16","0","0","0","0","0","32","103","0","17","13","90","0","0","","","19","","92"
"c.j. prosise","RB","25","9","0","0","0","0","0","23","72","1","12","10","76","0","1","","","19","","93"
"vernon davis","TE","35","4","0","0","0","0","0","0","0","0","19","10","123","1","0","","","18","","58"
"darrell henderson","RB","22","13","0","0","0","0","0","39","147","0","6","4","37","0","0","","","18","","94"
"dontrelle inman","WR","30","7","0","0","0","0","0","0","0","0","21","12","181","0","0","","","18","","141"
"josh rosen","QB","22","6","58","109","567","1","5","3","13","0","0","0","0","0","0","","","18","","49"
"jeff heuerman","TE","27","14","0","0","0","0","0","0","0","0","20","14","114","1","0","","","17","","60"
"travis homer","RB","21","16","0","0","0","0","0","18","114","0","13","11","56","0","0","","","17","","95"
"ryan izzo","TE","24","6","0","0","0","0","0","0","0","0","9","6","114","1","0","","","17","","59"
"a.j. mccarron","QB","29","2","21","37","225","0","1","5","39","1","0","0","0","0","0","","","17","","50"
"cam newton","QB","30","2","50","89","572","0","1","5","-2","0","0","0","0","0","2","","","17","","51"
"nick oleary","TE","27","12","0","0","0","0","0","0","0","0","18","13","109","1","0","","","17","","62"
"devin smith","WR","27","4","0","0","0","0","0","0","0","0","9","5","113","1","0","","","17","","142"
"nick vannett","TE","26","16","0","0","0","0","0","0","0","0","22","17","166","0","0","","","17","","63"
"ben watson","TE","39","10","0","0","0","0","0","0","0","0","24","17","173","0","0","","","17","","61"
"t.j. yeldon","RB","26","6","0","0","0","0","0","17","63","0","15","13","124","0","1","","","17","","96"
"andrew beck","RB","23","16","1","1","6","0","0","1","3","0","12","9","90","1","0","","","16","","97"
"robert griffin","QB","29","7","23","38","225","1","2","20","70","0","0","0","0","0","0","","","16","","52"
"hale hentges","TE","23","11","0","0","0","0","0","0","0","0","14","8","103","1","0","","","16","","64"
"robert tonyan","TE","25","11","0","0","0","0","0","0","0","0","15","10","100","1","0","","","16","","65"
"joshua perkins","TE","26","5","0","0","0","0","0","0","0","0","13","9","87","1","0","","","15","","67"
"mycole pruitt","TE","27","16","0","0","0","0","0","0","0","0","8","6","90","1","0","","","15","","66"
"wendell smallwood","RB","25","15","0","0","0","0","0","22","81","0","13","9","64","0","0","","","15","","98"
"deandre carter","WR","26","16","0","0","0","0","0","0","0","0","14","11","162","0","1","","","14","","143"
"seth devalve","TE","26","12","0","0","0","0","0","0","0","0","18","12","140","0","0","","","14","","69"
"trey edmunds","RB","25","11","0","0","0","0","0","22","92","0","7","6","48","0","0","","","14","","100"
"virgil green","TE","31","15","0","0","0","0","0","0","0","0","13","9","78","1","0","","","14","","70"
"wes hills","RB","24","1","0","0","0","0","0","10","21","2","2","2","1","0","0","","","14","","99"
"jesse james","TE","25","16","0","0","0","0","0","0","0","0","27","16","142","0","0","","","14","","68"
"daniel brown","TE","27","16","0","0","0","0","0","0","0","0","11","7","72","1","0","","","13","","71"
"keelan doss","WR","23","8","0","0","0","0","0","0","0","0","14","11","133","0","0","","","13","","144"
"rico gafford","WR","23","4","0","0","0","0","0","0","0","0","2","2","66","1","0","","","13","","145"
"mack hollins","WR","26","16","0","0","0","0","0","0","0","0","23","10","125","0","0","","","13","","146"
"jesper horsted","TE","22","6","0","0","0","0","0","0","0","0","10","8","87","1","1","","","13","","73"
"tyler kroft","TE","27","11","0","0","0","0","0","0","0","0","14","6","71","1","0","","","13","","72"
"ben roethlisberger","QB","37","2","35","62","351","0","1","1","7","0","0","0","0","0","0","","","13","","53"
"kerrith whyte","RB","23","6","0","0","0","0","0","24","122","0","1","1","9","0","0","","","13","","101"
"ben braunecker","TE","25","11","0","0","0","0","0","0","0","0","11","6","59","1","0","","","12","","74"
"antonio brown","WR","31","1","0","0","0","0","0","1","5","0","8","4","56","1","0","","","12","","148"
"deon cain","WR","23","13","0","0","0","0","0","0","0","0","20","9","124","0","0","","","12","","147"
"rashard higgins","WR","25","10","0","0","0","0","0","0","0","0","11","4","55","1","0","","","12","","149"
"alec ingold","RB","23","16","0","0","0","0","0","10","17","0","6","6","44","1","0","","","12","","102"
"javorius allen","RB","28","10","0","0","0","0","0","10","36","1","2","1","9","0","0","","","11","","104"
"stephen carlson","TE","23","9","0","0","0","0","0","0","0","0","7","5","51","1","0","","","11","","76"
"darren sproles","RB","36","6","0","0","0","0","0","17","66","0","10","6","24","0","0","1","","11","","103"
"tommy sweeney","TE","24","6","0","0","0","0","0","0","0","0","13","8","114","0","0","","","11","","75"
"brandon zylstra","WR","26","8","0","0","0","0","0","0","0","0","12","8","106","0","0","","","11","","150"
"marcell ateman","WR","25","11","0","0","0","0","0","0","0","0","10","5","116","0","1","","","10","","153"
"braxton berrios","WR","24","16","0","0","0","0","0","0","0","0","13","6","115","0","1","","","10","","155"
"troy fumagalli","TE","24","11","0","0","0","0","0","0","0","0","9","6","38","1","0","","","10","","78"
"deonte harris","WR","22","14","0","0","0","0","0","4","31","0","6","6","24","0","1","","","10","","154"
"andy janovich","RB","26","7","0","0","0","0","0","1","1","1","5","5","42","0","0","","","10","","105"
"t.j. jones","WR","27","3","0","0","0","0","0","0","0","0","4","3","38","1","0","","","10","","151"
"jj nelson","WR","27","2","0","0","0","0","0","0","0","0","5","4","36","1","0","","","10","","152"
"david njoku","TE","23","4","0","0","0","0","0","0","0","0","10","5","41","1","0","","","10","","77"
"danny vitale","RB","26","15","0","0","0","0","0","1","3","0","12","7","97","0","0","","","10","","107"
"derek watt","RB","27","16","0","0","0","0","0","7","10","1","5","3","32","0","0","","","10","","106"
"mo alie-cox","TE","26","16","0","0","0","0","0","0","0","0","11","8","93","0","0","","","9","","79"
"kenjon barner","RB","29","14","1","1","3","0","0","4","28","0","8","6","22","0","1","","","9","","110"
"christian blake","WR","23","9","0","0","0","0","0","0","0","0","24","11","91","0","0","","","9","","157"
"antonio callaway","WR","22","4","0","0","0","0","0","0","0","0","15","8","89","0","0","","","9","","158"
"luke falk","QB","25","3","47","73","416","0","3","0","0","0","0","0","0","0","1","","","9","","54"
"robert foster","WR","25","13","0","0","0","0","0","2","29","0","18","3","64","0","0","","","9","","156"
"j.p. holtz","TE","26","15","0","0","0","0","0","0","0","0","8","7","91","0","0","","","9","","81"
"dernest johnson","RB","23","16","0","0","0","0","0","4","21","0","7","6","71","0","0","","","9","","109"
"marshawn lynch","RB","33","1","0","0","0","0","0","12","34","1","0","0","0","0","0","","","9","","108"
"lee smith","TE","32","16","0","0","0","0","0","0","0","0","5","4","31","1","0","","","9","","80"
"alex armah","RB","25","16","0","0","0","0","0","6","11","1","2","2","6","0","0","","","8","","112"
"nick bellore","RB","30","14","0","0","0","0","0","0","0","0","2","2","23","1","0","","","8","","111"
"ventell bryant","WR","23","12","0","0","0","0","0","0","0","0","1","1","15","1","0","","","8","","162"
"trey burton","TE","28","8","0","0","0","0","0","0","0","0","24","14","84","0","0","","","8","","82"
"khadarel hodge","WR","24","16","0","0","0","0","0","0","0","0","10","4","76","0","0","","","8","","161"
"trent sherfield","WR","23","16","0","0","0","0","0","0","0","0","13","4","80","0","0","","","8","","160"
"damion willis","WR","22","10","0","0","0","0","0","0","0","0","16","9","82","0","0","","","8","","159"
"luke willson","TE","29","8","0","0","0","0","0","0","0","0","10","8","79","0","0","","","8","","83"
"chad beebe","WR","25","3","0","0","0","0","0","0","0","0","2","2","70","0","0","","","7","","163"
"blake bell","TE","28","15","0","0","0","0","0","0","0","0","15","8","67","0","0","","","7","","85"
"devontae booker","RB","27","16","0","0","0","0","0","2","9","0","9","6","57","0","0","","","7","","118"
"tra carson","RB","27","3","0","0","0","0","0","18","48","0","4","4","18","0","0","","","7","","117"
"cethan carter","RB","24","15","0","0","0","0","0","0","0","0","3","2","13","1","0","","","7","","115"
"chris hogan","WR","32","7","0","0","0","0","0","0","0","0","15","8","67","0","0","","","7","","165"
"troymaine pope","RB","26","14","0","0","0","0","0","10","20","0","3","2","14","1","1","","","7","","113"
"riley ridley","WR","23","5","0","0","0","0","0","0","0","0","7","6","69","0","0","","","7","","164"
"adam shaheen","TE","25","8","0","0","0","0","0","0","0","0","13","9","74","0","1","1","","7","","84"
"durham smythe","TE","24","16","0","0","0","0","0","0","0","0","14","7","65","0","0","","","7","","86"
"geoff swaim","TE","26","6","0","0","0","0","0","0","0","0","17","13","65","0","0","","","7","","87"
"spencer ware","RB","28","3","0","0","0","0","0","17","51","0","7","5","22","0","0","","","7","","114"
"dwayne washington","RB","25","16","0","0","0","0","0","8","60","0","1","1","6","0","0","","","7","","116"
"matt barkley","QB","29","2","27","51","359","0","3","2","-4","0","0","0","0","0","1","","","6","","57"
"tyler conklin","TE","24","15","0","0","0","0","0","0","0","0","10","8","58","0","0","","","6","","89"
"brett hundley","QB","26","3","5","11","49","0","0","7","41","0","0","0","0","0","0","","","6","","55"
"tevin jones","WR","27","5","0","0","0","0","0","0","0","0","10","4","61","0","0","","","6","","166"
"chris lacy","WR","23","7","0","0","0","0","0","0","0","0","10","3","60","0","0","","","6","","167"
"zach line","RB","29","12","0","0","0","0","0","7","20","0","10","6","36","0","0","","","6","","119"
"andre patton","WR","25","13","0","0","0","0","0","0","0","0","17","6","56","0","0","","","6","","168"
"tyrod taylor","QB","30","8","4","6","33","1","0","10","7","0","1","0","0","0","0","","","6","","56"
"clive walford","TE","28","7","0","0","0","0","0","0","4","0","8","4","57","0","0","","","6","","88"
"khari blasingame","RB","23","6","0","0","0","0","0","0","0","0","5","4","54","0","0","","","5","","120"
"deontay burnett","WR","22","1","0","0","0","0","0","0","0","0","4","2","48","0","0","","","5","","170"
"mike davis","RB","26","12","0","0","0","0","0","13","27","0","8","7","22","0","0","","","5","","123"
"patrick dimarco","RB","30","16","0","0","0","0","0","3","7","0","7","5","41","0","0","","","5","","125"
"jon hilliman","RB","24","3","0","0","0","0","0","30","91","0","4","3","1","0","2","","","5","","121"
"alexander hollins","WR","23","5","0","0","0","0","0","0","0","0","4","2","46","0","0","","","5","","171"
"taiwan jones","RB","31","11","0","0","0","0","0","9","40","0","1","1","9","0","0","","","5","","124"
"lance kendricks","TE","31","12","0","0","0","0","0","0","0","0","7","3","50","0","0","","","5","","92"
"devine ozigbo","RB","23","10","0","0","0","0","0","9","27","0","5","3","23","0","0","","","5","","122"
"elijhaa penny","RB","26","16","0","0","0","0","0","15","39","0","4","2","9","0","0","","","5","","126"
"luke stocker","TE","31","15","0","0","0","0","0","0","0","0","14","8","53","0","0","","","5","","90"
"trevon wesco","TE","24","16","0","0","0","0","0","1","2","0","3","2","47","0","0","","","5","","93"
"deandrew white","WR","28","10","0","0","0","0","0","0","0","0","9","4","51","0","0","","","5","","169"
"cedrick wilson","WR","24","6","0","0","0","0","0","0","0","0","8","5","46","0","0","","","5","","172"
"deon yelder","TE","24","9","0","0","0","0","0","0","0","0","4","3","50","0","0","","","5","","91"
"c.j. anderson","RB","28","2","0","0","0","0","0","16","43","0","0","0","0","0","0","","","4","","127"
"geremy davis","WR","27","7","0","0","0","0","0","0","0","0","3","3","38","0","0","","","4","","174"
"mike glennon","QB","30","2","6","10","56","1","0","2","0","0","0","0","0","0","1","","","4","","59"
"colt mccoy","QB","33","1","18","27","122","0","1","2","14","0","0","0","0","0","0","","","4","","58"
"steven mitchell","WR","25","3","0","0","0","0","0","0","0","0","6","2","37","0","0","","","4","","175"
"jason moore","WR","24","10","0","0","0","0","0","0","0","0","5","2","43","0","0","","","4","","173"
"paul perkins","RB","25","4","0","0","0","0","0","12","29","0","1","1","9","0","0","","","4","","128"
"jay ajayi","RB","26","3","0","0","0","0","0","10","30","0","1","0","0","0","0","","","3","","130"
"travis benjamin","WR","30","5","0","0","0","0","0","0","0","0","16","6","30","0","0","","","3","","181"
"c.j. board","WR","26","4","0","0","0","0","0","0","0","0","4","2","31","0","0","","","3","","179"
"pharaoh brown","TE","25","9","0","0","0","0","0","0","0","0","3","2","27","0","0","","","3","","96"
"cody core","WR","25","16","0","0","0","0","0","0","0","0","5","3","28","0","0","","","3","","183"
"dalyn dawkins","RB","25","2","0","0","0","0","0","11","26","0","1","0","0","0","0","","","3","","131"
"devin funchess","WR","25","1","0","0","0","0","0","0","0","0","5","3","32","0","0","","","3","","178"
"johnny holton","WR","28","16","0","0","0","0","0","1","9","0","15","3","21","0","0","","","3","","182"
"tanner hudson","TE","25","9","0","0","0","0","0","0","0","0","5","2","26","0","0","","","3","","97"
"ishmael hyman","WR","24","2","0","0","0","0","0","0","0","0","4","2","34","0","0","","","3","","176"
"jordan matthews","WR","27","3","0","0","0","0","0","0","0","0","12","4","33","0","0","","","3","","177"
"codey mcelroy","WR","27","1","0","0","0","0","0","0","0","0","1","1","30","0","0","","","3","","180"
"johnny mundt","TE","25","13","0","0","0","0","0","0","0","0","7","4","26","0","0","","","3","","98"
"andre roberts","WR","31","13","0","0","0","0","0","1","7","0","7","3","20","0","0","","","3","","187"
"drew sample","TE","23","9","0","0","0","0","0","0","0","0","6","5","30","0","0","","","3","","95"
"damari scott","WR","24","5","0","0","0","0","0","1","5","0","3","2","22","0","0","","","3","","185"
"russell shepard","WR","29","3","0","0","0","0","0","0","0","0","8","3","25","0","0","","","3","","188"
"anthony sherman","RB","31","16","0","0","0","0","0","4","9","0","3","2","22","0","0","","","3","","129"
"cam sims","WR","23","7","0","0","0","0","0","0","0","0","3","2","27","0","0","","","3","","184"
"ryan switzer","WR","25","9","0","0","0","0","0","0","0","0","11","8","27","0","0","","","3","","186"
"ross travis","TE","26","3","0","0","0","0","0","0","0","0","6","4","51","0","1","","","3","","94"
"nick bawden","RB","23","10","0","0","0","0","0","0","0","0","6","4","17","0","0","","","2","","135"
"josh bellamy","WR","30","7","0","0","0","0","0","0","0","0","3","2","20","0","0","","","2","","192"
"fred brown","WR","26","13","0","0","0","0","0","0","0","0","3","2","21","0","0","","","2","","191"
"michael crabtree","WR","32","2","0","0","0","0","0","0","0","0","5","4","22","0","0","","","2","","189"
"rashard davis","WR","25","1","0","0","0","0","0","0","0","0","1","1","16","0","0","","","2","","200"
"robert davis","WR","24","6","0","0","0","0","0","0","0","0","5","2","17","0","0","","","2","","197"
"ashton dulin","WR","22","13","0","0","0","0","0","0","0","0","2","2","17","0","0","","","2","","196"
"tyler ervin","RB","26","10","0","0","0","0","0","1","10","0","4","2","11","0","0","","","2","","133"
"darius jennings","WR","27","8","0","0","0","0","0","0","0","0","5","2","17","0","0","","","2","","198"
"marqise lee","WR","28","6","0","0","0","0","0","1","1","0","4","3","18","0","0","","","2","","193"
"t.j. logan","RB","25","12","0","0","0","0","0","3","10","0","3","2","13","0","0","","","2","","132"
"donte moncrief","WR","26","8","0","0","0","0","0","0","0","0","15","4","18","0","0","","","2","","194"
"chris moore","WR","26","14","0","0","0","0","0","1","0","0","5","3","21","0","0","","","2","","190"
"stanley morgan","WR","23","11","0","0","0","0","0","0","0","0","10","3","18","0","0","","","2","","195"
"josh oliver","TE","22","4","0","0","0","0","0","0","0","0","6","3","15","0","0","","","2","","100"
"samaje perine","RB","24","7","0","0","0","0","0","5","16","0","0","0","0","0","0","","","2","","137"
"eric saubert","TE","25","2","0","0","0","0","0","0","0","0","3","2","21","0","0","","","2","","99"
"keith smith","RB","27","16","0","0","0","0","0","5","8","0","3","1","13","0","0","","","2","","134"
"diontae spencer","WR","27","16","0","0","0","0","0","3","6","0","8","6","31","0","1","","","2","","199"
"bobo wilson","WR","24","6","0","0","0","0","0","0","0","0","11","3","35","0","1","","","2","","201"
"zach zenner","RB","28","5","0","0","0","0","0","3","-2","0","3","2","19","0","0","","","2","","136"
"josh adams","RB","23","3","0","0","0","0","0","8","12","0","0","0","0","0","0","","","1","","139"
"antony auclair","TE","26","8","0","0","0","0","0","0","0","0","3","1","11","0","0","","","1","","104"
"tony brooks-james","RB","25","3","0","0","0","0","0","8","7","0","0","0","0","0","0","","","1","","147"
"austin carr","WR","26","6","0","0","0","0","0","0","0","0","4","1","9","0","0","","","1","","210"
"sean culkin","TE","26","4","0","0","0","0","0","0","0","0","2","1","12","0","0","","","1","","102"
"josh ferguson","RB","26","2","0","0","0","0","0","3","9","0","0","0","0","0","0","","","1","","144"
"john franklin","WR","25","1","0","0","0","0","0","1","11","0","0","0","0","0","0","","","1","","207"
"ryan grant","WR","29","2","0","0","0","0","0","0","0","0","9","4","14","0","0","","","1","","204"
"will grier","QB","24","2","28","52","228","0","4","7","22","0","0","0","0","0","1","","","1","","60"
"ryan griffin","QB","30","2","2","4","18","0","0","4","-1","0","0","0","0","0","0","","","1","","62"
"damien harris","RB","22","2","0","0","0","0","0","4","12","0","0","0","0","0","0","","","1","","138"
"dwayne harris","WR","32","3","0","0","0","0","0","0","0","0","1","1","7","0","0","","","1","","211"
"chris herndon","TE","23","1","0","0","0","0","0","0","0","0","2","1","7","0","0","","","1","","109"
"cody hollister","WR","26","5","0","0","0","0","0","0","0","0","2","2","13","0","0","","","1","","205"
"buddy howell","RB","23","16","0","0","0","0","0","5","10","0","0","0","0","0","0","","","1","","141"
"jakob johnson","RB","25","4","0","0","0","0","0","0","0","0","2","1","5","0","0","","","1","","149"
"charles jones","TE","23","4","0","0","0","0","0","0","0","0","1","1","5","0","0","","","1","","111"
"john kelly","RB","23","4","0","0","0","0","0","3","9","0","0","0","0","0","0","","","1","","143"
"ben koyack","TE","26","11","0","0","0","0","0","0","0","0","3","1","9","0","0","","","1","","107"
"chris manhertz","TE","27","15","0","0","0","0","0","0","0","0","1","1","11","0","0","","","1","","103"
"josh mccown","QB","40","3","3","5","24","0","0","2","-2","0","0","0","0","0","0","","","1","","61"
"ryan nall","RB","24","8","0","0","0","0","0","2","8","0","0","0","0","0","0","","","1","","146"
"isaac nauta","TE","22","6","0","0","0","0","0","0","0","0","3","2","13","0","0","","","1","","101"
"gunner olszewski","WR","23","8","0","0","0","0","0","0","0","0","4","2","34","0","1","","","1","","203"
"ricky ortiz","RB","25","1","0","0","0","0","0","0","0","0","1","1","8","0","0","","","1","","145"
"jordan scarlett","RB","23","9","0","0","0","0","0","4","9","0","0","0","0","0","0","","","1","","142"
"dalton schultz","TE","23","16","0","0","0","0","0","0","0","0","2","1","6","0","0","","","1","","110"
"jaleel scott","WR","24","3","0","0","0","0","0","0","0","0","3","1","6","0","0","","","1","","212"
"scott simonson","TE","27","5","0","0","0","0","0","0","0","0","2","2","11","0","0","","","1","","105"
"jeff smith","WR","22","1","0","0","0","0","0","0","0","0","2","1","12","0","0","","","1","","206"
"tyrone swoopes","TE","25","5","0","0","0","0","0","0","0","0","1","1","5","0","0","","","1","","112"
"deanthony thomas","WR","26","14","0","0","0","0","0","2","5","0","2","1","6","0","0","","","1","","208"
"jordan thomas","TE","23","5","0","0","0","0","0","0","0","0","3","1","8","0","0","","","1","","108"
"mike thomas","WR","25","16","0","0","0","0","0","0","0","0","5","2","14","0","0","","","1","","202"
"levine toilolo","TE","28","13","0","0","0","0","0","0","0","0","2","2","10","0","0","","","1","","106"
"delance turner","RB","24","8","0","0","0","0","0","4","6","0","0","0","0","0","0","","","1","","148"
"john ursua","WR","25","3","0","0","0","0","0","0","0","0","1","1","11","0","0","","","1","","209"
"dexter williams","RB","22","4","0","0","0","0","0","5","11","0","0","0","0","0","0","","","1","","140"
"jerell adams","","27","1","0","0","0","0","0","0","0","0","0","0","0","0","0","","","","","125"
"stephen anderson","","26","1","0","0","0","0","0","0","0","0","0","0","0","0","0","","","","","120"
"evan baylis","","26","5","0","0","0","0","0","0","0","0","0","0","0","0","0","","","","","130"
"kendall blanton","","24","1","0","0","0","0","0","0","0","0","0","0","0","0","0","","","","","117"
"tim boyle","QB","25","3","3","4","15","0","0","5","-7","0","0","0","0","0","0","","","","","68"
"deante burton","","25","3","0","0","0","0","0","0","0","0","0","0","0","0","0","","","","","224"
"trenton cannon","","25","4","0","0","0","0","0","0","0","0","0","0","0","0","0","","","","","156"
"garrett celek","","31","5","0","0","0","0","0","0","0","0","0","0","0","0","0","","","","","121"
"jordan chunn","","24","1","0","0","0","0","0","0","0","0","0","0","0","0","0","","","","","163"
"chandler cox","","23","13","0","0","0","0","0","0","0","0","0","0","0","0","0","","","","","164"
"river cracraft","","25","1","0","0","0","0","0","0","0","0","0","0","0","0","0","","","","","234"
"jerome cunningham","","28","2","0","0","0","0","0","0","0","0","0","0","0","0","0","","","","","119"
"darrell daniels","TE","25","11","0","0","0","0","0","0","0","0","3","1","4","0","0","","","","","113"
"davion davis","","23","2","0","0","0","0","0","0","0","0","0","0","0","0","0","","","","","238"
"james develin","RB","31","2","0","0","0","0","0","2","3","0","0","0","0","0","0","","","","","153"
"garrett dickerson","","24","4","0","0","0","0","0","0","0","0","0","0","0","0","0","","","","","134"
"gehrig dieter","","26","2","0","0","0","0","0","0","0","0","0","0","0","0","0","","","","","231"
"brandon dillon","","22","1","0","0","0","0","0","0","0","0","0","0","0","0","0","","","","","122"
"josh doctson","","27","1","0","0","0","0","0","0","0","0","0","0","0","0","0","","","","","221"
"quinton dunbar","","27","11","0","0","0","0","0","0","0","0","0","0","0","0","0","","","","","222"
"alex ellis","","26","3","0","0","0","0","0","0","0","0","0","0","0","0","0","","","","","118"
"david fales","","29","2","0","0","0","0","0","0","0","0","0","0","0","0","0","","","","","67"
"david fluellen","","27","2","0","0","0","0","0","0","0","0","0","0","0","0","0","","","","","160"
"d.j. foster","","26","6","0","0","0","0","0","0","0","0","0","0","0","0","0","","","","","162"
"travis fulgham","","24","3","0","0","0","0","0","0","0","0","3","0","0","0","0","","","","","226"
"zach gentry","TE","23","4","0","0","0","0","0","0","0","0","1","1","4","0","0","","","","","114"
"garrett gilbert","QB","28","5","0","3","0","0","0","3","-3","0","0","0","0","0","0","","","","","70"
"cullen gillaspia","","24","16","0","0","0","0","0","0","0","0","0","0","0","0","0","","","","","161"
"c.j. goodwin","","29","16","0","0","0","0","0","0","0","0","0","0","0","0","0","","","","","237"
"cyril grayson","WR","26","2","0","0","0","0","0","0","0","0","1","1","3","0","0","","","","","214"
"xavier grimble","TE","27","3","0","0","0","0","0","0","0","0","3","1","3","0","0","","","","","115"
"jalen guyton","","22","3","0","0","0","0","0","0","0","0","2","0","0","0","0","","","","","218"
"justin hardee","","25","16","0","0","0","0","0","0","0","0","1","0","0","0","0","","","","","233"
"clark harris","","35","16","0","0","0","0","0","0","0","0","0","0","0","0","0","","","","","127"
"krishawn hogan","WR","24","8","0","0","0","0","0","0","0","0","1","1","4","0","0","","","","","213"
"liljordan humphrey","","21","5","0","0","0","0","0","0","0","0","1","0","0","0","0","","","","","227"
"trenton irwin","","24","1","0","0","0","0","0","0","0","0","0","0","0","0","0","","","","","219"
"gary jennings","","22","1","0","0","0","0","0","0","0","0","0","0","0","0","0","","","","","229"
"tom kennedy","","23","1","0","0","0","0","0","0","0","0","0","0","0","0","0","","","","","230"
"darvin kidsy","","24","3","0","0","0","0","0","0","0","0","0","0","0","0","0","","","","","228"
"keith kirkwood","","26","1","0","0","0","0","0","0","0","0","0","0","0","0","0","","","","","220"
"matt lengel","","29","1","0","0","0","0","0","0","0","0","0","0","0","0","0","","","","","124"
"josh malone","","23","2","0","0","0","0","0","0","0","0","0","0","0","0","0","","","","","235"
"jeremy mcnichols","","24","1","0","0","0","0","0","0","0","0","0","0","0","0","0","","","","","165"
"trace mcsorley","QB","24","1","0","0","0","0","0","1","1","0","0","0","0","0","0","","","","","64"
"carson meier","","24","1","0","0","0","0","0","0","0","0","0","0","0","0","0","","","","","131"
"jaydon mickens","","25","1","0","0","0","0","0","0","0","0","0","0","0","0","0","","","","","240"
"alfred morris","RB","31","1","0","0","0","0","0","1","4","0","0","0","0","0","0","","","","","152"
"nick mullens","QB","24","1","0","0","0","0","0","3","-3","0","0","0","0","0","0","","","","","69"
"jojo natson","","25","12","0","0","0","0","0","0","0","0","0","0","0","0","0","","","","","236"
"roosevelt nix","RB","27","3","0","0","0","0","0","0","0","0","3","2","4","0","0","","","","","150"
"jamize olawale","","30","16","0","0","0","0","0","0","0","0","2","0","0","0","0","","","","","2"
"matthew orzech","","24","16","0","0","0","0","0","0","0","0","0","0","0","0","0","","","","","128"
"senorise perry","RB","28","11","0","0","0","0","0","3","3","0","1","1","1","0","0","","","","","151"
"craig reynolds","","23","3","0","0","0","0","0","0","0","0","0","0","0","0","0","","","","","157"
"richard rodgers","","27","1","0","0","0","0","0","0","0","0","0","0","0","0","0","","","","","132"
"cooper rush","","26","2","0","0","0","0","0","0","0","0","0","0","0","0","0","","","","","66"
"spencer schnell","","25","1","0","0","0","0","0","0","0","0","0","0","0","0","0","","","","","215"
"mason schreck","","26","2","0","0","0","0","0","0","0","0","0","0","0","0","0","","","","","129"
"trevor siemian","QB","28","1","3","6","3","0","0","0","0","0","0","0","0","0","0","","","","","63"
"matthew slater","","34","16","0","0","0","0","0","0","0","0","0","0","0","0","0","","","","","217"
"rod smith","","27","6","0","0","0","0","0","0","0","0","0","0","0","0","0","","","","","159"
"nate solder","","31","16","0","0","0","0","0","0","0","0","0","0","0","0","0","","","","","133"
"jace sternberger","","23","6","0","0","0","0","0","0","0","0","1","0","0","0","0","","","","","123"
"alex tanney","QB","32","1","1","1","1","0","0","0","0","0","0","0","0","0","0","","","","","65"
"taywan taylor","","24","3","0","0","0","0","0","0","0","0","1","0","0","0","0","","","","","232"
"eric tomlinson","TE","27","8","0","0","0","0","0","0","0","0","1","1","1","0","0","","","","","116"
"robert turbin","","30","1","0","0","0","0","0","0","0","0","0","0","0","0","0","","","","","158"
"jason vander laan","","27","2","0","0","0","0","0","0","0","0","0","0","0","0","0","","","","","126"
"austin walter","","23","1","0","0","0","0","0","0","0","0","0","0","0","0","0","","","","","154"
"jester weah","","24","1","0","0","0","0","0","0","0","0","0","0","0","0","0","","","","","239"
"nsimba webster","","23","5","0","0","0","0","0","0","0","0","0","0","0","0","0","","","","","216"
"chad williams","","25","1","0","0","0","0","0","0","0","0","1","0","0","0","0","","","","","225"
"trayveon williams","","22","11","0","0","0","0","0","0","0","0","0","0","0","0","0","","","","","155"
"juwann winfree","","23","3","0","0","0","0","0","0","0","0","0","0","0","0","0","","","","","223"
"blake bortles","QB","27","3","1","2","3","0","0","2","-9","0","0","0","0","0","0","","","-1","","71"
"sean mannion","QB","27","3","12","21","126","0","2","6","-5","0","0","0","0","0","1","","","-1","","72"
"greg dortch","","21","2","0","0","0","0","0","0","0","0","0","0","0","0","1","","","-2","","243"
"quincy enunwa","WR","27","1","0","0","0","0","0","0","0","0","3","1","-4","0","1","","","-2","","244"
"ray-ray mccloud","","23","6","0","0","0","0","0","0","0","0","0","0","0","0","1","","","-2","","242"
"darrius shepherd","WR","24","6","0","0","0","0","0","0","0","0","2","1","1","0","1","","","-2","","241"
"jarrett stidham","QB","23","3","2","4","14","0","1","2","-2","0","0","0","0","0","0","","","-2","","73"
"michael walker","WR","23","7","0","0","0","0","0","0","0","0","3","2","15","0","2","","","-3","","245"
"corey clement","","25","4","0","0","0","0","0","0","0","0","0","0","0","0","2","","","-4","","166"
